clip_index,block_id,sentence_id,setting,words,weight,variants,still_cost,clip_cost,beat_cost,register,narration,phenomenon
1,1,S01,heavens,2,hero,4,0.32,0.42,0.74,awe,Twelve gates.,"{heavens}. Extreme wide: six colossal square openings cut into the lunar rock in one ranked row, countable, running away over the curve -- and the raw white sun cresting the limb hard behind them, its light standing through every opening in visible shafts of dust. Overwhelming raw sunlight, deep black shadow, black star-scattered space."
2,1,S02,heavens,11,connective,2,0.16,0.42,0.58,awe,He counted twelve gates cut into the face of the moon —,"{heavens}. Pull back: the whole curve of the moon revealed, the ranked row running away over the limb into black space, the crater fields dwarfed beneath it. Brilliant raw sunlight from the left, hard shadow."
3,1,S02,heavens,9,connective,2,0.16,0.42,0.58,fascination,"six on the east, where the light goes in,","{heavens}. Tight along the eastern rank: raw white light pouring inward past one rim in a hard column, the openings either side of it black, the rank receding to the limb. Overwhelming sunlight, sharp shadow on the cut stone."
4,1,S02,heavens,11,connective,2,0.16,0.42,0.58,fascination,"six on the west, facing them, where it comes back out —","{heavens}. Reverse across the moon's curve: the same hard column breaking outward from an opening in the far ranked row into black space, the rest of the row dark. Blazing raw sunlight, the lit opening blinding, black beyond the limb."
5,1,S02,heavens,11,connective,2,0.16,0.42,0.58,fascination,"and he wrote down the exact width of every single one,","{heavens}. One opening seen edge-on, its span wider than the whole crater field behind it, its far jamb lost over the horizon. Hard raw sunlight, the near jamb blazing, black space above."
6,1,S02,heavens,11,connective,2,0.16,0.42,0.58,awe,and the names of the beings who stand and work them.,"{heavens}. Low along the base of the rank: opening after opening receding to the limb, each throwing its own hard shadow across the rock, ordered, unattended, nothing moving. Blazing raw sunlight, deep black shadow."
7,1,S03,heavens,11,connective,2,0.16,0.42,0.58,fascination,And then he wrote down exactly how much of the moon,"{heavens}. The moon's face, a hard clean terminator across it, one exact portion in raw light and the rest dark grey rock. Brilliant white light from the left, the division razor-sharp."
8,1,S03,heavens,11,connective,2,0.16,0.42,0.58,fascination,"is lit on the very first night, and on the second,","{heavens}. Same moon, same angle: the lit portion visibly wider, the terminator one exact step further across. Brilliant white light from the left, hard shadow."
9,1,S03,heavens,9,connective,2,0.16,0.42,0.58,fascination,"and the third, and the seventh, and the eleventh —","{heavens}. Same moon, same angle: the light most of the way across now, one dark remainder at the far limb. Brilliant white light from the left, hard shadow."
10,1,S03,heavens,3,connective,2,0.16,0.42,0.58,awe,and the fourteenth.,"{heavens}. The moon full, the entire face blazing edge to edge, filling the frame, every crater legible. Brilliant raw sunlight, black star-scattered space at the corners."
11,1,S04,chapel,6,hero,4,0.32,0.42,0.74,unease,Nobody does that to a vision.,"{chapel}. Close, low across the reading stand: a ruled column of Ge'ez numerals sharp and regular in the foreground -- and framed in the high opening behind it, small and hard-edged, the moon itself. One blade of white highland daylight straight across the page, the moon bright beyond."
12,1,S05,ascent,6,hero,4,0.32,0.42,0.74,unease,You do that to a machine.,"{ascent}. Wide: the moon hanging in black airless space, its curved face ranked with cut stone openings course upon course, engineered and still -- and the bright curve of the earth far below and behind it, small, ordinary, unbuilt. Blazing raw sunlight, hard edges, scattered stars."
13,1,S06,highland,11,connective,2,0.16,0.42,0.58,wonder,"Three thousand years ago, a man walked straight out of the","{highland}. Vast Ethiopian escarpment, a single robed figure tiny on the rim, the land falling away for miles behind him. Blazing clean morning light, long shadows raking the rock."
14,1,S06,highland,10,connective,2,0.16,0.42,0.58,wonder,"ordinary world, and he was taken up past the weather,","{highland}. Low angle: the figure against a huge bright sky, arms at his sides, the land gone below the frame, torn cloud above him. Brilliant white daylight from above."
15,1,S06,ascent,9,connective,2,0.16,0.42,0.58,awe,"past the stars, past anything anybody had ever seen —","{ascent}. The moon growing enormous ahead, filling half the frame, the bright arc of the earth small and far behind. Raw sunlight from the left, black space, hard stars."
16,1,S06,ascent,11,hero,4,0.32,0.42,0.74,awe,to the place where the machinery of the sky is kept.,"{ascent}. The moon filling the frame, its face cut into ranked stone openings course upon course, running away over the curve -- and behind it, tiny at the frame's edge, the bright curve of the earth. Blazing raw sunlight, deep shadow in every opening, black star-scattered space."
17,1,S07,heavens,11,connective,2,0.16,0.42,0.58,unease,And what he found up there was not heaven at all.,"{heavens}. Extreme wide, level with the surface: ranked square openings of fitted stone running for hundreds of miles from the foreground away over the curve, course upon course, nothing moving anywhere. Blazing raw sunlight, deep hard shadow, black space above."
18,1,S08,heavens,3,connective,2,0.16,0.42,0.58,awe,It was machinery.,"{heavens}. Extreme close on the cut stone of one jamb: dressed rock, ruled courses, tooled channels, cut by hand and exact. Brilliant raking sunlight, every tool mark legible, deep shadow."
19,1,S09,chapel,10,connective,2,0.16,0.42,0.58,curiosity,You almost certainly know the famous part of this book —,"{chapel}. One page filling the frame, dense Ge'ez narrative script, no numerals anywhere in it. Hard bright daylight across the page."
20,1,S09,hermon,10,hero,4,0.32,0.42,0.74,awe,"two hundred of them came down onto a mountain top,","{hermon}. Armoured figures the size of towers descending through torn cloud onto the summit, so vast the mountain is dwarfed beneath them, their weight plain, ranks of them receding up into the cloud -- one human silhouette at the very bottom edge, tiny. Blazing gold light behind them, cold blue day on the stone."
21,1,S09,hermon,10,connective,2,0.16,0.42,0.58,awe,"swore an oath together there, and broke the world open —","{hermon}. A blade drawn white-hot from a fire pit, one small human face lit hard by it, the colossal figure above him out of focus. Blazing forge light, the face the brightest thing in frame."
22,1,S09,chapel,11,connective,2,0.16,0.42,0.58,curiosity,and that story is only the first third of the book.,"{chapel}. A hand parting the block of pages -- the first third small against the remaining two thirds. Hard bright daylight, page edges blazing."
23,1,S10,chapel,5,connective,2,0.16,0.42,0.58,unease,"Past it, the voice changes.","{chapel}. The pages stop on a spread where the script visibly changes character -- ruled, columnar, numerical. Hard bright daylight, crisp."
24,1,S11,chapel,3,hero,4,0.32,0.42,0.74,unease,The story stops.,"{chapel}. Wide from outside: the small chapel mouth in a vast bright highland cliff face, the codex a hard point of light within it, the rock running away for hundreds of feet above and below. Blazing daylight on the cliff, hard shadow."
25,1,S12,chapel,5,connective,2,0.16,0.42,0.58,unease,And the text starts counting.,"{chapel}. Extreme close: a column of Ge'ez numerals and measures, ruled lines between them. One hard blade of white daylight directly on it, the ink razor-sharp."
26,1,S13,chapel,9,connective,2,0.16,0.42,0.58,curiosity,Chapters seventy-two through eighty-two — eleven of them in all —,"{chapel}. A hand marking two points in the page block, a thin section standing between them against the fat rest of the book. Hard bright daylight from the high opening."
27,1,S13,chapel,11,connective,2,0.16,0.42,0.58,curiosity,"and almost nobody who owns this book has ever read them,","{chapel}. The thin section held between two fingers against the fat rest of the book, the pages sharp. Bright raking daylight."
28,1,S13,chapel,11,connective,2,0.16,0.42,0.58,unease,because they are not a story of any kind at all.,"{chapel}. The ruled columns again, close, no narrative script anywhere in frame. Hard bright daylight, sharp."
29,1,S14,chapel,4,hero,4,0.32,0.42,0.74,unease,They are a specification.,"{chapel}. Extreme close on one Ge'ez numeral, the page filling the foreground, ruled line beneath it -- and behind it through the high opening, out of focus and enormous, the moon. One brilliant shaft directly on the page, the moon bright beyond."
30,1,S15,ridge,11,connective,2,0.16,0.42,0.58,wonder,"Go outside tonight, anywhere on earth at all, and look up.","{ridge}. A low stone wall and dry scrub seen from ground level, empty, the sky bright above the ridgeline. Cool blue night air, warm light low on the horizon."
31,1,S16,ridge,5,hero,4,0.32,0.42,0.74,wonder,That is the same moon.,"{ridge}. The full moon enormous and low, cresting the ridge -- utterly ordinary, real maria and craters, far too big for the sky, the dry scrub and the low wall hard-lit beneath it. Brilliant warm gold moonlight, the moon the brightest thing in frame."
32,1,S17,ridge,10,connective,2,0.16,0.42,0.58,wonder,The very same face — the same marks all over it —,"{ridge}. Extreme telephoto on the moon's face, real craters and maria along the terminator, astrophotography detail. Brilliant warm gold light, crisp."
33,1,S17,ridge,10,connective,2,0.16,0.42,0.58,reflection,the same slow turning it has had since the beginning —,"{ridge}. The moon high and smaller now above the bare ridge, the wall and scrub lit hard by it. Bright warm moonlight raking the stone."
34,1,S17,ridge,11,connective,2,0.16,0.42,0.58,reflection,"the one the Romans watched from the top of their walls,","{ridge}. Same ridgeline, same moon, a single small human silhouette standing at the bottom edge of the frame. Bright moonlight from behind, rim-lighting the figure."
35,1,S17,ridge,10,connective,2,0.16,0.42,0.58,reflection,the same one that was already ancient and already old,"{ridge}. Wide: the ridge, the enormous moon, the figure tiny beneath it, the land running away to the horizon. Brilliant moonlight, the rock clearly lit."
36,1,S17,ridge,11,connective,2,0.16,0.42,0.58,reflection,on the night the first city anywhere on earth was built.,"{ridge}. The moon dominating the sky above the empty ridge, the figure gone, the low wall and the scrub hard-lit. Brilliant warm moonlight, every rock legible."
37,1,S18,chapel,10,connective,2,0.16,0.42,0.58,unease,"And somebody, three thousand years ago, sat down somewhere and","{chapel}. The open codex, the ruled column of numerals lit hard. One brilliant blade of daylight directly on the page."
38,1,S18,chapel,9,connective,2,0.16,0.42,0.58,unease,wrote down exactly how the whole thing actually works.,"{chapel}. Extreme close on the numerals, the page filling the frame. Brilliant hard daylight, letters razor-sharp."
39,1,S19,heavens,4,connective,2,0.16,0.42,0.58,unease,They were either wrong —,"{heavens}. The moon again as built architecture -- colossal, its curved face cut into ranked stone openings, the limb hard against black star-scattered space. Hard clean light."
40,1,S19,ridge,4,hero,4,0.32,0.42,0.74,unease,or they were told.,"{ridge}. Wide, low: one small human silhouette standing on the ridge beneath the enormous moon -- and on the moon's ordinary face, faint but unmistakable, the ranked openings. Brilliant warm gold moonlight, every rock legible, the moon the brightest thing in frame."
1,2,S01,heavens,5,hero,4,0.32,0.42,0.74,awe,Nobody knows who wrote it.,"{heavens}. Extreme wide: the ranked openings running across the curved face of the moon, countable, ordered -- and the raw white sun cresting the limb hard behind them, unattended, nobody anywhere. Overwhelming raw sunlight, deep hard shadow, black star-scattered space."
2,2,S02,heavens,9,connective,2,0.16,0.42,0.58,unease,But we know almost exactly when it was written —,"{heavens}. Low along the base of the rank: opening after opening receding to the limb, the stone weathered and pitted, ancient. Hard raking sunlight, deep black shadow."
3,2,S02,heavens,10,connective,2,0.16,0.42,0.58,unease,and that is the strange part of the whole business.,"{heavens}. Pull-back: the moon revealed whole and world-sized, the openings a countable row across its face, the limb curving into black space. Brilliant raw sunlight, no murk."
4,2,S03,cave,10,connective,2,0.16,0.42,0.58,wonder,"In nineteen fifty-two, in a cliff absolutely full of holes","{cave}. Enormous pale limestone cliff riddled with black cave mouths, the salt sea flat and blazing below, the scale vast. Hard clean desert daylight."
5,2,S03,cave,9,hero,4,0.32,0.42,0.74,wonder,"high above the Dead Sea in the open desert,","{cave}. Low angle: one cave mouth colossal above the frame, two tiny human figures standing at its lip, dwarfed to specks against it, the blazing sea far below them. Blazing daylight on the rock, the figures rim-lit."
6,2,S03,cave,10,connective,2,0.16,0.42,0.58,fascination,they found eleven Aramaic manuscripts of the Book of Enoch —,"{cave}. Interior wide: a hard column of daylight from the mouth striking the cave floor, dust turning in it, dark rolls scattered through the beam. Bright shaft, everything else clearly lit."
7,2,S03,cave,11,connective,2,0.16,0.42,0.58,fascination,and four of them were this book. This one. The moon.,"{cave}. Four dark rolls lying in the daylight column, set apart from the rest, the cave enormous around them. Brilliant shaft light."
8,2,S04,cave,10,connective,2,0.16,0.42,0.58,fascination,The oldest of those four was copied out by hand,"{cave}. A brittle fragment held up at the cave mouth, the desert blazing white behind it, the script black against the sky. Overwhelming backlight."
9,2,S04,ridge,9,hero,4,0.32,0.42,0.74,awe,two hundred and twenty-five years before Christ was born.,"{ridge}. The enormous moon low over a bare prehistoric ridgeline -- no wall, no scrub cut, no fire, no city anywhere, only rock running to the horizon under it. Brilliant warm moonlight, every stone legible."
10,2,S05,heavens,9,connective,2,0.16,0.42,0.58,unease,Which makes the thing it was copied from older,"{heavens}. Extreme close on the cut stone of one jamb: dressed rock, ruled courses, tooled channels, weathered, older than anything. Brilliant raking sunlight, every mark legible."
11,2,S05,heavens,1,connective,2,0.16,0.42,0.58,unease,still.,"{heavens}. Extreme wide from high above: the entire curve of the moon and its ranked openings, indifferent, unchanged. Blazing raw sunlight, hard shadow, black star-scattered space."
12,2,S06,chapel,6,connective,2,0.16,0.42,0.58,awe,Older than the book of Daniel.,"{chapel}. Close, overhead: two pages side by side, two different scripts, the ruled columns running down both. Hard bright highland daylight, both pages blazing."
13,2,S07,heavens,9,connective,2,0.16,0.42,0.58,awe,This is the oldest piece of science anybody has.,"{heavens}. Extreme wide, level with the surface: the ranked openings running from the foreground away over the curve to a hard black horizon, ordered, exact, still. Blazing raw sunlight, deep hard shadow."
14,2,S08,cave,10,connective,2,0.16,0.42,0.58,unease,And here is the first strange thing about this book —,"{cave}. One dark roll lying alone in the daylight shaft, set well apart from the stacked others. Hard bright light on it, the cave bright and empty around."
15,2,S08,hermon,10,hero,4,0.32,0.42,0.74,awe,at Qumran this part did not arrive with the rest,"{hermon}. Vast host of enormous winged figures descending in ranks through torn cloud onto the summit, their weight plain, the mountain dwarfed -- one small human silhouette at the very bottom edge. Blazing gold light behind them, cold blue day on the stone."
16,2,S08,hermon,10,connective,2,0.16,0.42,0.58,awe,"of Enoch at all, but travelled alone — its own scroll,","{hermon}. A colossal giant standing over a mud-brick house, physically real, weight and shadow, a human face turned up at the bottom edge. Hard bright daylight."
17,2,S08,hermon,10,connective,2,0.16,0.42,0.58,awe,"its own scribe, kept separate from the Watchers and separate","{hermon}. A wall of water taller than a mountain range crossing a plain, bright and physical, ridges of foam catching hard light. Blazing clean daylight."
18,2,S08,heavens,11,connective,2,0.16,0.42,0.58,unease,from the flood by somebody who plainly thought it was a,"{heavens}. Hard cut to the structure: fitted cut stone, ruled courses, ranked openings, standing still. No figures, no story, only the architecture. Clean hard light."
19,2,S08,heavens,5,connective,2,0.16,0.42,0.58,unease,different kind of thing entirely.,"{heavens}. Extreme close on the structure's surface -- dressed stone, tooled channels, ruled edges, cut by hand and exact. Brilliant raking light, every mark legible."
20,2,S09,babylon,8,connective,2,0.16,0.42,0.58,fascination,Here is the second strange thing about it —,"{babylon}. A colossal stepped ziggurat rising over the flat plain, dwarfing the palms and the river. Blazing gold late light, long hard shadows."
21,2,S09,babylon,7,hero,4,0.32,0.42,0.74,awe,the astronomy inside this book is Babylonian.,"{babylon}. The ziggurat black against the sky -- and behind it the moon enormous and low, its curved limb crossing the horizon, vast stone openings hewn into that limb and silhouetted against the light, echoing the ziggurat's own terraces. Brilliant warm moonlight, the moon the brightest thing in frame."
22,2,S10,babylon,8,connective,2,0.16,0.42,0.58,fascination,"The gates, the sevenths, the tables, the ratios —","{babylon}. A single figure on the ziggurat's summit, arm raised toward the moon, the openings visible on its face above him, he is a speck. Brilliant moonlight from behind, rim-lighting him."
23,2,S10,babylon,11,connective,2,0.16,0.42,0.58,fascination,"all of that is cuneiform star-lore, wedge marks in wet clay,","{babylon}. Extreme close: wedge marks pressed into clay in ruled columns, the moon huge and out of focus behind. Hard raking light on the clay."
24,2,S10,babylon,11,connective,2,0.16,0.42,0.58,fascination,carried west across the sand and written down again in Aramaic.,"{babylon}. A caravan strung out across a night desert, tiny, the enormous moon low ahead of them lighting the sand. Brilliant warm moonlight, long shadows."
25,2,S11,babylon,9,hero,4,0.32,0.42,0.74,awe,Somebody moved a Mesopotamian science a thousand miles across,"{babylon}. High wide: the desert running to the horizon, the caravan a thread across it, the moon dominating the sky above with the openings ranked across its face. Brilliant moonlight, the land clearly lit."
26,2,S11,highland,11,connective,2,0.16,0.42,0.58,unease,"the desert, and put it all in the mouth of a","{highland}. Vast Ethiopian escarpment, the land falling away for miles, one robed figure tiny on the rim under a huge sky. Blazing clean morning light."
27,2,S11,highland,1,hero,4,0.32,0.42,0.74,awe,patriarch.,"{highland}. Wide, low: the small robed figure standing alone on the escarpment rim, the land running away for miles behind him -- and above him the moon in the bright day sky, its face ranked with cut stone openings, enormous. Blazing clean daylight, one long hard shadow off the figure."
28,2,S12,heavens,11,connective,2,0.16,0.42,0.58,unease,"And here is the third one, and it is the worst.","{heavens}. The structure seen along its length, opening after opening, ordered and countable. Hard clean light."
29,2,S13,heavens,4,connective,2,0.16,0.42,0.58,awe,The Aramaic is longer.,"{heavens}. The moon's surface receding into distance -- rank behind rank of carved stone openings sunk in the grey rock, course upon course stacked away beyond counting, far more than has ever been seen, curving to a black horizon. Brilliant raw sunlight picking out every layer."
30,2,S14,chapel,9,connective,2,0.16,0.42,0.58,unease,The version everyone reads is the Ethiopic — the only,"{chapel}. Wide from outside: the chapel mouth a bright speck in a vast highland cliff face, the codex a point of light within. Blazing daylight on the rock."
31,2,S14,chapel,10,connective,2,0.16,0.42,0.58,unease,complete copy of this book that survives anywhere on earth.,"{chapel}. The single codex on its stand in the bright empty chapel, one hard shaft on it, nothing else in frame. Blazing light, hard shadow."
32,2,S15,ascent,5,hero,4,0.32,0.42,0.74,unease,And it is an abridgement.,"{ascent}. The moon in black space with an enormous crescent of it simply gone -- hundreds of miles of ranked stone openings ending at a sheared edge, and through the gap where the rock should be, the bright curve of the earth, small and far away. Blazing raw sunlight, the broken edge blazing, the earth visible through the hole."
33,2,S16,chapel,9,connective,2,0.16,0.42,0.58,unease,"James VanderKam, who wrote the standard commentary on it,","{chapel}. A modern printed critical edition open flat, dense numbered verses, the moon huge and out of focus through the opening behind. Flat bright daylight."
34,2,S16,heavens,9,connective,2,0.16,0.42,0.58,unease,says something drastic happened between the two of them.,"{heavens}. Wide: the ranked structure running across the moon's face with an enormous crescent torn out of it, black empty space where hundreds of miles of rock should be. Brilliant raw sunlight, the absence legible."
35,2,S17,heavens,3,connective,2,0.16,0.42,0.58,unease,Somebody cut it.,"{heavens}. The sheared edge where the missing section begins -- broken courses, dressed stone stopping dead in open air. Hard raking light on the break."
36,2,S18,ascent,6,hero,4,0.32,0.42,0.74,unease,And nobody knows what they cut.,"{ascent}. The absence filling the frame -- sheared lunar rock and broken stone courses at the far left and far right, and between them nothing but black space and, tiny and bright in the middle of it, the earth. Brilliant raw sunlight on the broken edges, overwhelming emptiness between."
37,2,S19,chapel,10,connective,2,0.16,0.42,0.58,reflection,What is left of the whole thing is eleven chapters —,"{chapel}. A hand marking two points in the page block, a thin section between them. Hard bright daylight."
38,2,S19,heavens,8,connective,2,0.16,0.42,0.58,awe,eleven chapters of pure arithmetic about the sky.,"{heavens}. What still stands -- colossal, openings ranked across the moon's face, the raw sun hard behind the limb. Brilliant white-gold light, hard edges."
39,2,S20,heavens,3,connective,2,0.16,0.42,0.58,awe,It is enough.,"{heavens}. Pull-back: the moon world-sized, the whole ranked structure visible at once across its face, the limb curving away into black. Blazing raw sunlight, clean."
40,2,S21,highland,3,hero,4,0.32,0.42,0.74,fascination,He counted them.,"{highland}. Wide, low: one small robed figure standing on the escarpment rim with his head tilted back, the land falling away behind him -- and filling the sky above, the moon, its face ranked with countable cut stone openings. Blazing clean daylight, the figure rim-lit, the moon hard-edged and enormous."
1,3,S01,heavens,5,hero,4,0.32,0.42,0.74,fascination,"Six gates in the east,","{heavens}. Extreme wide: six colossal square openings cut into the lunar rock in one ranked row, evenly spaced, countable, running away over the curve -- and the raw white sun cresting the limb hard behind them. Overwhelming raw sunlight, deep hard shadow in every opening, black star-scattered space."
2,3,S01,heavens,4,connective,2,0.16,0.42,0.58,fascination,six in the west.,"{heavens}. Low along the ground at the far limb: a second ranked row of six openings towering over the crater field, facing back the other way, their jambs receding to the black horizon. Raw unfiltered sunlight from the right, the near jamb blazing."
3,3,S02,heavens,10,connective,2,0.16,0.42,0.58,fascination,"Twelve in all, in a ring right around the sky,","{heavens}. Extreme wide from high above: both ranked rows at once on the curved face, twelve openings, ordered and countable, the limb curving into black. Blazing raw sunlight, hard shadow."
4,3,S02,chapel,10,hero,4,0.32,0.42,0.74,fascination,and he measured every single one of them by hand —,"{chapel}. Close, low across the reading stand: a ruled column of Ge'ez numerals and measures sharp in the foreground -- and framed in the high opening behind it, small and hard-edged, the moon. One blade of white daylight across the page, the moon bright beyond."
5,3,S02,heavens,10,connective,2,0.16,0.42,0.58,fascination,"six of them where the light goes into the moon,","{heavens}. Tight along the eastern rank: raw white light pouring inward past one rim in a hard column, the openings either side black, the rank receding to the limb. Overwhelming sunlight, sharp shadow on the cut stone."
6,3,S02,heavens,10,connective,2,0.16,0.42,0.58,fascination,six on the far side where it comes back out.,"{heavens}. Reverse across the curve: the same hard column breaking outward from an opening in the far row into black space, the rest of the row dark. Blazing raw sunlight, the lit opening blinding."
7,3,S03,heavens,7,connective,2,0.16,0.42,0.58,wonder,"That is the whole machine, right there —","{heavens}. Extreme wide, level with the surface: the entire ranked row running from the foreground away over the curve, course upon course of fitted cut stone, nothing moving. Blazing raw sunlight, hard shadow, black horizon."
8,3,S03,heavens,5,connective,2,0.16,0.42,0.58,unease,and it is not decoration.,"{heavens}. Low, close: the base of one opening where the cut stone meets raw lunar rock, the joint exact, the rank receding behind. Hard raking sunlight, deep shadow."
9,3,S04,heavens,10,connective,2,0.16,0.42,0.58,fascination,And the light never uses the same gate twice running.,"{heavens}. Wide, straight on the ranked row: one opening blazing white, the other five in deep black shadow, countable, the limb behind. Raw unfiltered sunlight, hard shadow."
10,3,S05,heavens,5,connective,2,0.16,0.42,0.58,fascination,It moves one opening along —,"{heavens}. Same row, same angle: the blazing opening now the next one along, its neighbour gone black. Raw unfiltered sunlight, hard shadow, black star-scattered space."
11,3,S06,heavens,3,connective,2,0.16,0.42,0.58,fascination,and one along —,"{heavens}. Same row, same angle: the light one opening further along again, the two behind it black. Raw unfiltered sunlight, hard shadow."
12,3,S07,heavens,3,connective,2,0.16,0.42,0.58,fascination,and one along —,"{heavens}. Same row, same angle: the light further along still, three openings behind it black. Raw unfiltered sunlight, hard shadow."
13,3,S08,heavens,6,connective,2,0.16,0.42,0.58,awe,until it runs out of gates.,"{heavens}. Same row, same angle: the sixth and last opening blazing alone at the end of the rank, the ranked stone stopping dead at the limb beyond it, nothing past it but black space. Overwhelming raw sunlight, five black openings behind."
14,3,S09,heavens,4,connective,2,0.16,0.42,0.58,awe,Then it turns around,"{heavens}. Same row, same angle, closer: the sixth opening still lit, the column of light narrowing back off its far jamb. Raw unfiltered sunlight, hard shadow."
15,3,S09,heavens,9,connective,2,0.16,0.42,0.58,awe,"and walks all the way back down the row,","{heavens}. Same row, same angle: the first opening at the near end blazing alone now, the whole rest of the rank black, running away to the limb. Low raw sunlight raking hard across the crater field, long shadows."
16,3,S09,heavens,8,connective,2,0.16,0.42,0.58,awe,and he counted every single step of it.,"{heavens}. Extreme wide: the whole ranked row across the curved face with all six openings lit at once, evenly spaced, countable, the limb curving into black. Blazing raw sunlight, hard shadow, black star-scattered space."
17,3,S10,horizon,9,connective,2,0.16,0.42,0.58,wonder,Go outside tonight and find yourself a clear east —,"{horizon}. Wide from behind: one small robed figure standing among the near boulders, the flat ridgeline running away for miles ahead of him, the sky above it already pale. Cold clean pre-dawn light, the eastern sky brightening hard."
18,3,S10,horizon,9,connective,2,0.16,0.42,0.58,wonder,"mark the exact place where the moon comes up,","{horizon}. Low: the raw white edge of the moon breaking the ridgeline, enormous and blinding, the near scrub in hard silhouette against it. Brilliant white moonlight, long shadows thrown at camera."
19,3,S10,horizon,10,connective,2,0.16,0.42,0.58,wonder,"with a rock, or a post, or anything at all.","{horizon}. Close on a small cairn of three flat stones standing on the near ground, the enormous risen moon blazing behind it on the ridgeline. Hard bright moonlight, the cairn's shadow long and sharp across the scrub."
20,3,S11,horizon,5,connective,2,0.16,0.42,0.58,wonder,Then come back tomorrow night.,"{horizon}. Wide: the same ridgeline, the same cairn, the same figure standing beside it, the sky above the ridge dark and empty, the moon not yet up. Cold clean starlight, the land grey and legible."
21,3,S12,horizon,3,hero,4,0.32,0.42,0.74,wonder,It has moved.,"{horizon}. Same ridgeline, same angle, same cairn: the moon's raw edge now breaking the ridge a clear distance to the left of the cairn, not behind it. Brilliant white moonlight, the cairn in hard silhouette, its shadow swung across the scrub."
22,3,S13,horizon,9,connective,2,0.16,0.42,0.58,wonder,"Come back a fortnight after that, and it is","{horizon}. Same ridgeline, same angle: a row of small stone cairns standing along the near ground now, evenly spaced, the ridge dark above them. Cold clean starlight, hard shadow."
23,3,S13,horizon,9,hero,4,0.32,0.42,0.74,awe,standing at the far end of the ridge entirely.,"{horizon}. Same ridgeline, same angle: the enormous moon breaking the ridge at the far left end of the cairn row, blinding, the whole line of cairns reading as a ruled scale across the near ground. Overwhelming white moonlight, a long hard shadow off every cairn."
24,3,S14,horizon,7,connective,2,0.16,0.42,0.58,awe,The sun walks that same line too —,"{horizon}. Same ridgeline, same angle, day: the raw white edge of the sun breaking the ridge behind the same row of cairns. Overwhelming white sunrise light, the cairns in hard silhouette, shadows raked at camera."
25,3,S14,horizon,10,connective,2,0.16,0.42,0.58,fascination,but the sun takes a whole year to do it.,"{horizon}. Same ridgeline, same angle, wider: the sun's edge one cairn's width along from where it broke before, the row of cairns running away across the near ground. Blazing white sunrise light, long shadows."
26,3,S15,horizon,7,hero,4,0.32,0.42,0.74,awe,The moon does it in a month.,"{horizon}. Same ridgeline, same angle: the enormous moon breaking the ridge at the far end of the whole row of cairns, the entire scale crossed, the small robed figure tiny beneath it. Overwhelming white moonlight, every cairn throwing one long hard shadow, the land bright."
27,3,S16,chapel,10,connective,2,0.16,0.42,0.58,unease,So he gave every single one of them a width —,"{chapel}. Close, low across the reading stand: the ruled page seen edge-on, one column of Ge'ez numerals and measures running away in perspective. Hard bright highland daylight raking the page."
28,3,S16,horizon,5,connective,2,0.16,0.42,0.58,unease,thirty days in this one —,"{horizon}. Close on two cairns a hand's width apart on the near ground, the blazing ridgeline behind them out of focus. Hard clean morning light, two shadows the same length."
29,3,S16,horizon,6,connective,2,0.16,0.42,0.58,unease,thirty-one in the next one along —,"{horizon}. Same near ground, framed one cairn further along: the third cairn standing wider apart from the second than the second stands from the first. Hard clean morning light, sharp shadow."
30,3,S16,chapel,10,hero,4,0.32,0.42,0.74,unease,and the exact fraction the day had gained by then.,"{chapel}. Extreme close: one ruled line, a Ge'ez numeral and a fraction beside it, the page filling the foreground -- and beyond it through the high opening, out of focus and enormous, the moon. One brilliant blade of daylight on the page, the moon bright behind."
31,3,S17,horizon,10,hero,4,0.32,0.42,0.74,unease,"He says the longest day is twice the longest night,","{horizon}. Wide, the same ridgeline: the sun standing high and hard over it, the land blazing and bare beneath, the shadows short -- and low at the frame's edge, pale and already up, the moon. Overwhelming clean daylight, every rock legible."
32,3,S17,chapel,10,connective,2,0.16,0.42,0.58,unease,"and he wrote that down as a number, in parts.","{chapel}. Extreme close, straight down: a ruled line, a Ge'ez numeral and a fraction, the page filling the frame. One brilliant blade of white daylight straight across it, the ink razor-sharp."
33,3,S18,heavens,4,connective,2,0.16,0.42,0.58,unease,Nobody measures a miracle.,"{heavens}. Extreme wide, level with the surface: the ranked openings running from foreground to limb, absolutely still, ordered, nothing moving anywhere, the crater fields dwarfed. Blazing raw sunlight, hard shadow, black star-scattered space."
34,3,S19,heavens,8,connective,2,0.16,0.42,0.58,fascination,"And beside every single gate, he counts windows —","{heavens}. Wide along the rank: between and above the great cut openings, hundreds of small square windows sunk in ranked rows in the lunar rock, far more than can be counted. Blazing raw sunlight, each window a hard black pit."
35,3,S19,heavens,9,connective,2,0.16,0.42,0.58,awe,"hundreds of them, he says, too many to count —","{heavens}. Medium, angled across the rock face: the small windows running away in even ranks over a rise in the surface, uncountable, the great openings out of frame. Hard raking sunlight, deep shadow in every window."
36,3,S19,ridge,10,hero,4,0.32,0.42,0.74,awe,and the stars come out of the windows at night.,"{ridge}. Wide, low: the low stone wall and dry scrub beneath a sky thick with hard bright stars -- and the moon low over the ridge, its face ranked with small black windows, a hard point of starlight standing in each one. Brilliant starlight and moonlight, every rock legible."
37,3,S20,heavens,10,hero,4,0.32,0.42,0.74,awe,The whole sky is one wall with openings in it.,"{heavens}. Extreme wide, high above: the entire visible face of the moon reading as one single ruled wall of cut stone -- the great ranked openings below, rank upon rank of small windows above, running limb to limb -- and the raw white sun standing hard beyond the limb behind it all. Blazing raw sunlight, hard shadow, black star-scattered space."
38,3,S21,heavens,2,connective,2,0.16,0.42,0.58,reflection,Twelve gates —,"{heavens}. Wide, low, raking along the whole face: both ranked rows read at once in extreme perspective, twelve openings, the limb hard against black space. Raw unfiltered sunlight, long black shadows out of every opening."
39,3,S22,heavens,11,connective,2,0.16,0.42,0.58,unease,"and he has not said yet what the light even is,","{heavens}. Tight on one opening's mouth, the rank running away past it: raw white light pouring through it in a hard column onto the crater floor beyond, the source out of frame. Overwhelming sunlight, sharp shadow."
40,3,S22,highland,9,hero,4,0.32,0.42,0.74,unease,or who it is that is pouring it in.,"{highland}. Wide, low: one small robed figure standing alone on the escarpment rim, the land falling away for miles behind him -- and above him in the bright day sky the moon, one enormous column of raw light standing out of a single opening in its face and reaching down out of frame. Blazing clean daylight, the figure rim-lit, the column of light the brightest thing in frame."
1,4,S01,heavens,7,hero,4,0.32,0.42,0.74,wonder,The light is not the moon's own.,"{heavens}. Extreme wide, low: the grey crater field blazing, every rock throwing one hard black shadow, the ranked openings running to the limb -- and the raw white sun standing small and overwhelming just above the black horizon, plainly the source. Overwhelming raw sunlight, deep hard shadow, black space."
2,4,S02,heavens,10,connective,2,0.16,0.42,0.58,wonder,"He is very clear about that, over and over again.","{heavens}. Close along the crater floor: one long hard shadow thrown from a single boulder, its edge razor-sharp, the raw light raking in low. Brilliant raw sunlight, black shadow."
3,4,S03,interior,10,connective,2,0.16,0.42,0.58,wonder,"It is given to her, he says, in exact measure —","{interior}. Extreme wide: hard-edged shafts of raw white sunlight standing down through the small far-off openings into the squared void, striking the cut-stone floor in exact bright squares. Blazing raw sunlight, black airless dark between them."
4,4,S03,interior,9,connective,2,0.16,0.42,0.58,wonder,"poured in, never poured out, and always by sevenths.","{interior}. Straight down the floor: the bright squares of light in one ruled row across the dressed stone, evenly spaced, countable, receding beyond sight -- and one small robed figure at the near end, dwarfed, for scale. Blazing raw sunlight, hard black dark between every square, the figure rim-lit."
5,4,S04,interior,9,connective,2,0.16,0.42,0.58,fascination,"In through the six gates on the eastern side,","{interior}. Wide, angled: six hard-edged shafts of raw light standing side by side down into the void from six small openings far above, evenly spaced, countable. Blazing raw sunlight, black airless dark between them."
6,4,S05,interior,10,hero,4,0.32,0.42,0.74,awe,and that is the entire reason the gates are there.,"{interior}. Extreme wide, the whole space at once: six ruled shafts of raw white sunlight standing from the far openings to the cut-stone floor -- one figure tiny at the base of one shaft, dwarfed. Blazing raw sunlight, black airless dark, the figure rim-lit."
7,4,S06,heavens,10,connective,2,0.16,0.42,0.58,unease,And when the light is not inside her at all —,"{heavens}. Extreme wide: the ranked openings across the curved face, every one black and empty, nothing standing in them, the limb hard against black space. Raw unfiltered sunlight raking the rock, the openings pitch dark."
8,4,S06,heavens,10,connective,2,0.16,0.42,0.58,unease,when not one seventh of it is left in her —,"{heavens}. Tight at one opening, the row running past it: the jamb blazing at the rim and nothing beyond it but black, no floor, no far wall. Overwhelming raw sunlight on the rim, absolute black inside."
9,4,S07,heavens,8,hero,4,0.32,0.42,0.74,unease,he says the whole moon stands completely empty.,"{heavens}. Extreme wide from high above: the entire curve of the moon, ranked openings limb to limb, every one black -- and the bright curve of the earth small and far beyond it, the only lit thing in the sky. Blazing raw sunlight on bare rock, black openings, black space."
10,4,S08,heavens,9,connective,2,0.16,0.42,0.58,fascination,"Empty, without light, except one seventh part of it —","{heavens}. Same curve, same angle: one exact narrow band of the moon's face blazing white, the whole rest dark grey rock, the division hard and clean. Blazing raw sunlight on the lit band, hard shadow."
11,4,S09,heavens,8,connective,2,0.16,0.42,0.58,fascination,and there is that number yet again. Seven.,"{heavens}. Extreme wide: the moon's face divided by hard raw light into one blazing band and the dark remainder, the band one measured portion of the whole, the ranked openings crossing it -- the sun hard beyond the limb. Blazing raw sunlight, black star-scattered space."
12,4,S10,heavens,11,connective,2,0.16,0.42,0.58,fascination,"And when she is full, when the whole face is burning,","{heavens}. Extreme wide, straight on: the entire face of the moon blazing white edge to edge, every crater legible, the ranked openings hard-shadowed across it. Blazing raw sunlight, black space at the corners."
13,4,S10,heavens,9,connective,2,0.16,0.42,0.58,awe,her light is exactly one seventh of the sun's.,"{heavens}. Extreme wide, low: the blazing lunar surface running to the black horizon, and beyond it the raw white sun small and overwhelming, so much brighter the lit rock reads grey against it. Overwhelming raw sunlight, hard shadow, black space."
14,4,S11,chapel,9,connective,2,0.16,0.42,0.58,unease,"He does not say dimmer, or lesser, or weaker.","{chapel}. Close, low across the reading stand: a ruled page of Ge'ez seen edge-on, one column of numerals running away in perspective. Hard bright highland daylight raking it."
15,4,S11,chapel,8,hero,4,0.32,0.42,0.74,unease,He gives you the exact fraction. One seventh.,"{chapel}. Extreme close: one ruled line, a Ge'ez numeral and a fraction, the page filling the foreground -- and beyond it through the high opening, out of focus and enormous, the moon. One brilliant blade of daylight on the page, the moon bright behind."
16,4,S12,heavens,11,connective,2,0.16,0.42,0.58,fascination,And then he says the strangest thing in the whole book.,"{heavens}. Wide, low: the blazing crater field in the foreground running to the black horizon, and the raw white sun standing just above it, small and hard-edged. Overwhelming sunlight, hard shadow, black space."
17,4,S13,highland,10,hero,4,0.32,0.42,0.74,awe,The sun and the moon are exactly the same size.,"{highland}. Extreme wide: the vast escarpment falling away for miles under a huge sky, the sun high and hard-edged, the pale daylight moon in the same sky at exactly the same width -- one robed figure tiny on the rim beneath them both. Blazing clean daylight, hard shadow in every gully."
18,4,S14,highland,11,connective,2,0.16,0.42,0.58,wonder,"Up there in the sky, side by side, the same width.","{highland}. Wide, low from the rim: both of them in one huge bright sky above the land, the blazing sun and the pale moon, the same width. Brilliant clean daylight, the rock bright below."
19,4,S15,none,11,connective,2,0.16,0.42,0.58,fascination,"One of them burns seven full times brighter than the other,","Extreme telephoto against a bright blue sky: the sun alone, blinding, its edge hard, nothing else in frame. Overwhelming white daylight, the sky washed pale around it."
20,4,S15,none,11,connective,2,0.16,0.42,0.58,fascination,and yet the two of them are exactly the same size.,"Extreme telephoto against a bright blue sky: the pale daylight moon alone, its edge hard, real maria and craters legible, filling exactly the same width of frame as the sun did. Brilliant clean daylight, deep blue sky behind."
21,4,S16,highland,11,connective,2,0.16,0.42,0.58,unease,That is not the kind of thing anybody just guesses at.,"{highland}. Wide, low: one robed figure on the rim with his arm raised, the land falling away for miles behind, both the sun and the pale moon in the bright sky above. Blazing clean daylight, one long hard shadow off the figure."
22,4,S17,highland,9,connective,2,0.16,0.42,0.58,wonder,"And every so often, on a perfectly ordinary afternoon,","{highland}. Extreme wide: the escarpment and the land running away for miles under a huge bright afternoon sky, entirely ordinary, the sun high. Brilliant clean daylight, hard shadow in every gully."
23,4,S18,none,11,hero,4,0.32,0.42,0.74,awe,"one of the two slides across the face of the other,","Extreme telephoto against a deep blue afternoon sky: the black edge of the moon cut hard into the blazing white edge of the sun, a bite taken clean out of it, both edges razor-sharp -- and at the frame's foot a bare horizon and one tiny figure looking up. Overwhelming white light around the black, the sky darkening."
24,4,S18,none,8,hero,4,0.32,0.42,0.74,awe,"and covers it over exactly, edge for edge.","Extreme telephoto against a dark blue sky: the black circle of the moon exactly over the sun, a hard unbroken ring of raw white fire all the way around it, nothing left over -- and beneath it a highland horizon gone dark at noon, one figure silhouetted. Overwhelming ring light, absolute black at the centre."
25,4,S19,interior,7,connective,2,0.16,0.42,0.58,fascination,So the light comes into the moon —,"{interior}. From the floor looking along it: the bright square where one shaft lands on the dressed stone, edges razor-sharp, the void black beyond. Blazing raw sunlight in the square, absolute dark around it."
26,4,S19,interior,11,connective,2,0.16,0.42,0.58,fascination,but never once all of it at the very same time.,"{interior}. Same floor, same angle: the bright square exactly where it stood, the ruled stone beside it dark, the boundary hard, nothing spilling past. Blazing raw sunlight in the square, black dark beside it."
27,4,S20,interior,10,connective,2,0.16,0.42,0.58,awe,"It arrives in sevenths, one measured part at a time.","{interior}. Extreme wide, straight down the void: the cut-stone floor and its ranked openings lit in exact bands by shafts of raw sunlight, each band the same width, countable -- one figure tiny on the floor for scale. Blazing raw sunlight, black airless dark, the figure rim-lit."
28,4,S21,heavens,8,connective,2,0.16,0.42,0.58,wonder,"Half a seventh added on the first night,","{heavens}. Wide, low across the crater field toward the rank: one narrow band of the surface blazing under raw light, the rest dark grey rock. Blazing raw sunlight on the band, deep shadow beyond."
29,4,S21,heavens,11,connective,2,0.16,0.42,0.58,wonder,"another half on the second, on and on for a fortnight,","{heavens}. Same field, same angle: the lit band visibly wider, its hard edge one exact step further out. Blazing raw sunlight, deep shadow beyond."
30,4,S22,heavens,8,connective,2,0.16,0.42,0.58,awe,until at last the whole face is burning.,"{heavens}. Low from the surface: the crater field blazing to the limb in every direction, no dark remainder anywhere, the ranked openings bright-rimmed -- the sun hard beyond the limb. Overwhelming raw sunlight, black star-scattered space above."
31,4,S23,heavens,11,connective,2,0.16,0.42,0.58,unease,"Then the light leaves the same way, back in the west,","{heavens}. Wide at the far limb: the western rank, raw light breaking outward through the openings into black space, the crater field behind falling into hard shadow. Blazing raw light in the openings, deep black shadow."
32,4,S23,heavens,10,connective,2,0.16,0.42,0.58,unease,and he gives the exact fraction for every single night.,"{heavens}. Same field, same angle, held: the hard edge of the lit band at one exact measured step, nothing else changed. Blazing raw sunlight, deep shadow beyond."
33,4,S24,chapel,11,hero,4,0.32,0.42,0.74,unease,It is not a poem. It is a table of numbers.,"{chapel}. Extreme close, straight down: nothing but ruled lines and Ge'ez numerals in even columns, a grid -- and behind it through the high opening, out of focus and enormous, the moon. One brilliant blade of daylight across the grid, the moon bright behind."
34,4,S25,interior,11,connective,2,0.16,0.42,0.58,unease,"Somebody is measuring the sky out by hand, night by night —","{interior}. Wide: the hard-edged shafts of raw sunlight standing down into the cut-stone void, exactly evenly spaced, absolutely still, no one in frame. Blazing raw sunlight, black airless dark."
35,4,S25,chapel,8,connective,2,0.16,0.42,0.58,unease,and writing every measured portion of it down.,"{chapel}. Overhead, close: a ruled column of Ge'ez numerals part-finished, the ink of the last line still wet and bright, empty lines below waiting. One hard blade of daylight across the page."
36,4,S26,winds,11,connective,2,0.16,0.42,0.58,awe,"And something has to carry all that light across the sky,","{winds}. Extreme wide: the colossal wall of dressed stone at the ends of the earth, ranked square openings cut through it, wind and driven cloud pouring out of them across the open land far below. Blazing raw daylight, hard shadow, the torrents bright."
37,4,S26,winds,7,hero,4,0.32,0.42,0.74,awe,because none of it ever moves itself.,"{winds}. Low, close beneath one opening in the world's rim: wind and dust roaring out of it in a hard bright torrent over the land -- one small human silhouette on the ground far below, leaning into it, dwarfed. Blazing raw daylight, the torrent brilliant, the figure rim-lit."
38,4,S27,interior,11,connective,2,0.16,0.42,0.58,unease,"There is a mechanism up here, and a driver behind it —","{interior}. Extreme wide, looking up the void toward the openings: ruled shafts of raw light standing from the far openings down through the enormous squared dark, running away beyond sight, empty, no source visible. Blazing raw light, black airless dark, hard edges."
39,4,S28,heavens,10,connective,2,0.16,0.42,0.58,unease,and so far he has named absolutely neither of them.,"{heavens}. Extreme wide, level with the surface: the ranked openings running from foreground to limb, ordered, exact, still, the crater fields dwarfed. Blazing raw sunlight, hard shadow, black star-scattered space."
40,4,S28,highland,10,hero,4,0.32,0.42,0.74,unease,"Not the machine, and not the one who runs it.","{highland}. Wide, low: one robed figure alone on the rim, the land falling away for miles -- and above him in the bright sky the moon, one hard column of raw light standing out of a single opening in its face and reaching down out of frame, no source anywhere. Blazing clean daylight, the figure rim-lit, the column the brightest thing in frame."
1,5,S01,heavens,8,hero,4,0.32,0.42,0.74,awe,So he tells you what actually carries it.,"{heavens}. Extreme wide, low: the whole grey crater field running to the limb, fine dust lifting off every rim and streaming hard in one direction -- and the raw white sun cresting the limb behind, driving the whole thing. Overwhelming raw sunlight, the streaming dust brilliant, black star-scattered space."
2,5,S02,heavens,9,connective,2,0.16,0.42,0.58,fascination,And this is where the whole thing gets difficult.,"{heavens}. Close along the surface: dust pours off one crater rim in a hard bright stream, all of it going the same way, the rock beneath razor-sharp. Overwhelming raw sunlight through the stream, deep black shadow."
3,5,S03,ridge,8,hero,4,0.32,0.42,0.74,awe,He says the moon rides in a chariot.,"{ridge}. The enormous moon low over a bare highland ridge, its whole face streaming with torn dust trailing behind it for miles -- and one small robed figure on the ridge beneath, watching it go. Brilliant warm moonlight, the dust trails bright, every rock legible."
4,5,S04,chapel,9,connective,2,0.16,0.42,0.58,unease,That is his exact word for it. A chariot.,"{chapel}. Extreme close: one Ge'ez word standing alone on a ruled line, the page filling the foreground -- and through the high opening behind it, out of focus, the moon. One blade of daylight across the word, the moon bright beyond."
5,5,S04,chapel,9,connective,2,0.16,0.42,0.58,fascination,He uses that same word twice in the book —,"{chapel}. Close, overhead: the same Ge'ez word standing twice in two different ruled columns, a hand's width apart, everything else on the page in shadow. Hard bright highland daylight."
6,5,S05,heavens,9,connective,2,0.16,0.42,0.58,fascination,"once for the moon, and once for the sun.","{heavens}. Wide, low: the blazing crater field with dust streaming off it, and beyond the black horizon the raw white sun small and hard-edged, both under way. Overwhelming raw sunlight, brilliant dust, black space."
7,5,S06,heavens,8,connective,2,0.16,0.42,0.58,unease,And a chariot is not a mysterious thing.,"{heavens}. Extreme close on one jamb: dressed rock, ruled courses, tooled channels, dust streaming past its edge in hard bright lines. Brilliant raking sunlight, every tool mark legible."
8,5,S07,winds,9,hero,4,0.32,0.42,0.74,awe,"It is a thing somebody built, and somebody drives.","{winds}. Extreme wide: the colossal wall of dressed stone at the ends of the earth, ranked openings cut through it -- and out of them wind and driven cloud pouring across the land in hard torrents, a built thing plainly at work. Blazing raw daylight, the torrents brilliant, hard shadow."
9,5,S08,winds,9,connective,2,0.16,0.42,0.58,fascination,So then he tells you exactly who drives it.,"{winds}. Low, close beneath one opening in the world's rim: wind and dust roaring out of it in a hard bright torrent over the open land, all of it going one way. Blazing raw daylight, the torrent brilliant, hard shadow."
10,5,S09,ridge,10,connective,2,0.16,0.42,0.58,unease,Not a hand. Not an arm out of the sky.,"{ridge}. Wide: the low stone wall and dry scrub, the enormous moon low over the ridge streaming with dust, and nothing above it or beside it, only the open dark. Brilliant warm moonlight, the dust bright, every rock legible."
11,5,S10,winds,2,hero,4,0.32,0.42,0.74,awe,The wind.,"{winds}. Extreme wide, high: the whole wall at the ends of the earth, twelve ranked openings pouring wind and torn cloud out across the land for hundreds of miles -- one tiny human silhouette on a rise far below, leaning hard into it. Blazing raw daylight, the torrents brilliant, the figure rim-lit."
12,5,S11,ridge,8,connective,2,0.16,0.42,0.58,wonder,He says the wind drives the whole sky —,"{ridge}. Close on the dry scrub laid flat and streaming in one direction, the pale boulders sharp behind it, the low stone wall beyond. Brilliant warm moonlight, the moving scrub bright, hard shadow."
13,5,S11,ridge,8,connective,2,0.16,0.42,0.58,wonder,the very same ordinary word you would use,"{ridge}. Low, wide: dust lifts off the ridge and pours away across the frame, the low stone wall in hard silhouette, the enormous moon blazing low behind it. Brilliant warm moonlight through the dust, long shadows."
14,5,S11,ridge,10,hero,4,0.32,0.42,0.74,wonder,for the thing moving the dust on that ridge tonight.,"{ridge}. Wide: one small human silhouette at the bottom edge, his robe streaming sideways, the scrub blowing around him, the enormous dust-streaming moon dominating the sky above. Brilliant warm moonlight, the dust bright in the air, every rock legible."
15,5,S12,heavens,7,connective,2,0.16,0.42,0.58,awe,"Three thousand years ago, somebody wrote down","{heavens}. Extreme wide: the moon under way over nothing at all, the ranked openings and the streaming dust, ancient, weathered, indifferent. Blazing raw sunlight, brilliant dust, black space."
16,5,S12,winds,9,hero,4,0.32,0.42,0.74,awe,that the entire sky runs on nothing but weather.,"{winds}. Extreme wide from high above: the whole wall at the ends of the earth, twelve openings pouring torn cloud and wind out over the curve of the land, banners of it trailing for hundreds of miles. Blazing raw daylight, the torrents brilliant, hard shadow."
17,5,S13,heavens,8,connective,2,0.16,0.42,0.58,fascination,And he says the thing never once stops.,"{heavens}. Low along the surface: the crater field sweeps past, the dust streaming, the limb crossing the frame. Blazing raw sunlight, brilliant dust, black space."
18,5,S14,heavens,9,connective,2,0.16,0.42,0.58,unease,It goes down in the west every single night —,"{heavens}. Wide at the far limb: the western rank with raw light breaking outward through the openings, the crater field beyond already falling into hard shadow, the dust still streaming. Blazing raw light, deep black shadow, brilliant dust."
19,5,S14,heavens,10,connective,2,0.16,0.42,0.58,unease,and he tells you exactly where it goes after that.,"{heavens}. Extreme wide, the limb receding: the moon's dark side turning away from the frame, the ranked openings running over the terminator into black, the dust vanishing with them. Blazing raw sunlight on the near rank, absolute black beyond."
20,5,S15,heavens,10,hero,4,0.32,0.42,0.74,awe,"All the way round, behind the north of the world.","{heavens}. Extreme wide, high above and behind: the moon under way through absolute black, its whole face lit hard from the side, an enormous curving dust trail behind it -- and small and bright far beyond it, the curve of the earth it is running behind. Blazing raw sunlight, the trail brilliant, black space."
21,5,S16,heavens,10,connective,2,0.16,0.42,0.58,unease,"Behind everything, where nobody has ever been able to look.","{heavens}. Extreme wide, looking back the way it came: nothing but black star-scattered space, the trailing dust running away and thinning to nothing, no landmark anywhere. Raw sidelight on the dust, absolute black."
22,5,S17,ridge,10,hero,4,0.32,0.42,0.74,awe,"And he says it is running out there right now,","{ridge}. Wide: the low stone wall and dry scrub, one small human silhouette beneath the enormous moon low over the ridge, its near face ordinary and bright, its far side simply absent behind it. Brilliant warm moonlight, every rock legible, the moon the brightest thing in frame."
23,5,S17,heavens,10,connective,2,0.16,0.42,0.58,unease,on the far side of everything you can actually see.,"{heavens}. Low, close: the dust streaming across the rock in hard bright lines, absolutely steady, going one way, the openings sharp behind. Overwhelming raw sunlight through the dust, deep black shadow."
24,5,S18,chapel,8,connective,2,0.16,0.42,0.58,fascination,And then he stops describing the machine altogether,"{chapel}. Close, overhead: the open page where dense Ge'ez narrative script stops dead mid-column and a ruled list begins beneath it, the change plain. Hard bright highland daylight, the page blazing."
25,5,S18,chapel,9,hero,4,0.32,0.42,0.74,unease,and starts naming the beings who actually run it.,"{chapel}. Extreme close, straight down: a ruled column of four Ge'ez names, one to a line -- and behind it through the high opening, out of focus and enormous, the moon. One blade of daylight across the names, the moon bright behind."
26,5,S19,heavens,8,connective,2,0.16,0.42,0.58,fascination,Four of them right at the very top.,"{heavens}. Wide, low: four hard columns of raw light standing out of four openings in the rank onto the crater field, evenly spaced, countable, the rest of the rank black. Blazing raw sunlight, hard shadow, black space."
27,5,S20,heavens,10,connective,2,0.16,0.42,0.58,awe,One for each of the four quarters of the year.,"{heavens}. Extreme wide: the moon's curved face divided by hard raw light and black shadow into four exact quarters, countable, the ranked openings crossing all four -- the sun hard beyond the limb. Blazing raw sunlight, deep black shadow."
28,5,S21,heavens,4,connective,2,0.16,0.42,0.58,awe,Melkejal. Helemmelek. Meleyal. Narel.,"{heavens}. Extreme wide, the whole curved face straight on: the light hard from the left, the ranked openings throwing long shadows to the right, one quarter of the rock in black. Blazing raw sunlight, black space."
29,5,S22,heavens,6,connective,2,0.16,0.42,0.58,awe,Twelve more leaders underneath those four —,"{heavens}. Extreme wide from high above: the twelve ranked openings across the curved face, both rows at once, all twelve countable. Blazing raw sunlight, hard shadow, black star-scattered space."
30,5,S22,heavens,7,connective,2,0.16,0.42,0.58,awe,one for every month of the year.,"{heavens}. Tight along the rank: opening after opening receding to the limb, each throwing its own hard shadow, ordered and even. Overwhelming raw sunlight, deep black shadow in every one."
31,5,S23,heavens,6,connective,2,0.16,0.42,0.58,awe,"And underneath those, heads over thousands —","{heavens}. Wide along the rank: between and above the great openings, hundreds of small square windows sunk in ranked rows in the rock, far more than can be counted. Blazing raw sunlight, each window a hard black pit."
32,5,S23,ridge,9,connective,2,0.16,0.42,0.58,awe,one for every single day of the whole year.,"{ridge}. Wide, low: the stone wall and scrub beneath a sky thick with hard stars, the moon low over the ridge, its face ranked with small black windows, a point of starlight in each one. Brilliant starlight and moonlight, every rock legible."
33,5,S24,heavens,10,connective,2,0.16,0.42,0.58,reflection,"He gives you the entire roster of them, in order.","{heavens}. Extreme wide, high above: the entire face of the moon as one ruled wall of cut stone, the great openings and rank upon rank of small windows, every one in its place. Blazing raw sunlight, hard shadow, black space."
34,5,S25,heavens,5,connective,2,0.16,0.42,0.58,unease,Three hundred and sixty days —,"{heavens}. Low and tight on a field of the small windows: a hard white point of light standing in every single one, ranked and even, running away over a rise. Raw sunlight raking the rock face, the points sharp in the shadow."
35,5,S25,heavens,9,hero,4,0.32,0.42,0.74,unease,and then four more days that nobody ever counts.,"{heavens}. Extreme close, straight on the ruled rock face: rank upon rank of small windows each holding its point of light -- and four of them side by side standing absolutely black and empty. Blazing raw sunlight raking the face, the four dark ones legible."
36,5,S26,winds,10,connective,2,0.16,0.42,0.58,fascination,Every rank of it has a name and a number.,"{winds}. Wide: the wall at the ends of the earth, the ranked openings pouring wind out over the land, ordered and countable, each opening distinct. Blazing raw daylight, the torrents bright, hard shadow."
37,5,S26,heavens,8,connective,2,0.16,0.42,0.58,unease,Nothing in the whole sky is left unassigned.,"{heavens}. Extreme wide, level with the surface: the ranked openings running from foreground to limb, ordered, exact, still, the crater fields dwarfed. Blazing raw sunlight, hard shadow, black space."
38,5,S27,highland,7,connective,2,0.16,0.42,0.58,unease,It is the most organised thing imaginable —,"{highland}. Wide, low: one robed figure alone on the escarpment rim, the land falling away for miles -- and above him the moon in the bright sky, its face ranked with countable openings, utterly ordered. Blazing clean daylight, the figure rim-lit, the moon hard-edged."
39,5,S28,chapel,10,connective,2,0.16,0.42,0.58,unease,and every last part of it has somebody in charge.,"{chapel}. Extreme close: the ruled column of four Ge'ez names, the page filling the frame. One brilliant blade of daylight straight across them, the ink razor-sharp."
40,5,S28,highland,9,connective,2,0.16,0.42,0.58,unease,"So who, exactly, is telling him all of this?","{highland}. Wide, low: the robed figure on the escarpment rim, his head turned as if listening to someone at his shoulder -- and above him the gated moon in the bright day sky, the land falling away for miles behind. Blazing clean daylight, the figure rim-lit, one shadow only."
1,6,S01,none,9,connective,2,0.16,0.42,0.58,intimacy,Somebody is standing there telling him all of this.,"Extreme close, low: a weathered ancient face turned up and lit hard from directly above by raw white light, the eyes open and moving, every line of the skin legible, nothing else in frame but black. Overwhelming white light from above, the face the brightest thing in frame."
2,6,S02,none,9,connective,2,0.16,0.42,0.58,intimacy,That is the part I keep coming back to.,"Extreme close, side on: the same face in profile, still turned up, the hard light raking across the cheek and brow, black behind. Brilliant white light from above, deep shadow under the jaw."
3,6,S03,heavens,9,connective,2,0.16,0.42,0.58,fascination,Nobody works out the exact width of a gate,"{heavens}. Extreme wide: the ranked openings running across the curved face of the moon to a hard black horizon, countable, immense -- and the raw white sun cresting the limb behind them. Blazing raw sunlight, deep hard shadow, black space."
4,6,S03,highland,11,connective,2,0.16,0.42,0.58,fascination,by standing on a hill and squinting up at the sky.,"{highland}. Wide: the vast escarpment falling away for miles, one robed figure tiny on the rim with his head tilted back, the moon pale in the bright day sky above. Blazing clean daylight, one long shadow off the figure."
5,6,S04,highland,11,connective,2,0.16,0.42,0.58,unease,"Somebody has to stand there and say the numbers out loud,","{highland}. Wide, low: the same figure on the rim, his head turned as if listening to someone at his shoulder, the space beside him completely empty, the land falling away behind. Blazing clean daylight, one shadow only."
6,6,S05,highland,10,hero,4,0.32,0.42,0.74,unease,and the book tells you exactly who that somebody is.,"{highland}. Extreme wide: the escarpment and the huge bright sky, the robed figure a speck on the rim, the gated moon above him and the land running away for miles -- and beside him, nothing. Blazing clean daylight, the moon hard-edged, one shadow on the rock."
7,6,S06,chapel,4,hero,4,0.32,0.42,0.74,awe,His name is Uriel.,"{chapel}. Extreme close, straight down: one Ge'ez word alone on a ruled line, the page filling the foreground -- and through the high opening behind it, out of focus and enormous, the moon. One blade of daylight across the word, the moon bright beyond."
8,6,S07,chapel,10,connective,2,0.16,0.42,0.58,fascination,"He is named right there on the very first line,","{chapel}. Close, overhead: the top of the opening page, the first ruled line dense with Ge'ez, everything beneath it falling away out of focus. Hard bright highland daylight, the page blazing."
9,6,S07,chapel,9,connective,2,0.16,0.42,0.58,fascination,"before the gates, before the light, before anything else.","{chapel}. Wide from outside: the chapel mouth a bright speck in a vast highland cliff, the single codex a point of light within it. Blazing daylight on the rock, hard shadow."
10,6,S08,heavens,11,connective,2,0.16,0.42,0.58,awe,The book says the Lord of glory set him in charge,"{heavens}. Extreme wide from high above: the entire curve of the moon, the twelve ranked openings running limb to limb, ordered and countable -- and the earth small and far beyond. Blazing raw sunlight, black openings, black space."
11,6,S08,heavens,8,hero,4,0.32,0.42,0.74,awe,of every light in the whole sky. Forever.,"{heavens}. Low and tight on a field of the small windows: a hard white point of starlight in every one, ranked and even -- and beyond the limb the raw sun standing hard, the source of it all. Raw sunlight raking the rock face, the points sharp."
12,6,S09,heavens,9,connective,2,0.16,0.42,0.58,unease,He is not a messenger. He is the keeper.,"{heavens}. Wide, low: the western rank with raw white light breaking outward through every opening at once, ordered, exact, unattended, nothing moving. Blazing raw light, deep black shadow."
13,6,S10,chapel,9,connective,2,0.16,0.42,0.58,fascination,And here is the genuinely strange part of it —,"{chapel}. Close, low across the reading stand: the open page seen edge-on, a ruled column running away in perspective. Hard bright highland daylight raking it."
14,6,S11,none,9,hero,4,0.32,0.42,0.74,unease,he never once tells you what Uriel looks like.,"Extreme close: the same weathered ancient face, eyes moving as if reading something far off, lit hard from above -- and reflected small and bright in the dark of the eye, the ranked moon. Overwhelming white light, the face the brightest thing in frame."
15,6,S12,heavens,10,connective,2,0.16,0.42,0.58,unease,Not a wing. Not a face. Not a height. Nothing.,"{heavens}. Extreme wide: the moon's curved face running to a hard black horizon, the ranked openings ordered across it, and nothing standing anywhere on it, no shape, no silhouette. Blazing raw sunlight, hard shadow, black space."
16,6,S13,hermon,10,connective,2,0.16,0.42,0.58,unease,In a book where two hundred of them came down,"{hermon}. Wide: enormous armoured figures the size of towers descending in ranks through torn cloud onto the summit, the mountain dwarfed beneath them -- one human silhouette at the very bottom edge. Blazing gold light behind them, cold blue day on the stone."
17,6,S13,hermon,10,hero,4,0.32,0.42,0.74,awe,"on a mountain top and broke the whole world open,","{hermon}. Low, close: one colossal armoured figure standing on the bare grey rock, physically real, weight and shadow -- one small human silhouette at the very bottom edge of the frame, tiny. Blazing gold backlight, cold hard day on the summit."
18,6,S14,none,9,connective,2,0.16,0.42,0.58,unease,"this one, the keeper, has no body at all.","Extreme close: the weathered face turned up, lit hard from above, and beside it nothing, no shape, no shoulder, no edge, only black. Overwhelming white light from above, the face alone and the brightest thing in frame."
19,6,S15,highland,9,connective,2,0.16,0.42,0.58,intimacy,"What he gives you instead is something much smaller,","{highland}. Wide: the escarpment and the huge bright sky, the small robed figure on the rim, the land running away for miles behind him. Blazing clean morning light, long shadows."
20,6,S15,none,8,connective,2,0.16,0.42,0.58,intimacy,"and, honestly, much stranger. He was with me.","Extreme close, three-quarter from behind: one weathered shoulder and the turn of a jaw, the head tilted toward the empty space at his side, lit hard and warm from the front, black behind. Brilliant warm light on the skin."
21,6,S16,chapel,10,connective,2,0.16,0.42,0.58,intimacy,"That is the phrase, over and over. He showed me.","{chapel}. Close, overhead: the same short run of Ge'ez standing three separate times down the open page in three different ruled columns. Hard bright highland daylight, the page blazing."
22,6,S17,mountains,10,connective,2,0.16,0.42,0.58,awe,And what he showed him was not only the moon.,"{mountains}. Extreme wide: seven colossal peaks standing far above an ordinary mountain range, their summits impossibly high and white with hard frost, the ordinary ranges small and dark far beneath, cloud lying well below their shoulders. Blazing clean daylight, the frost brilliant."
23,6,S18,mountains,9,hero,4,0.32,0.42,0.74,awe,"Seven mountains higher than any mountain on the earth,","{mountains}. Low, close: one of the seven peaks towering over the frame, its frost-white summit lost in the bright sky -- and at its foot, tiny, one robed figure looking up, dwarfed to nothing. Blazing clean daylight, the frost brilliant, the figure rim-lit."
24,6,S18,mountains,11,connective,2,0.16,0.42,0.58,awe,with a throne of stone standing on the very tallest one.,"{mountains}. Wide: the tallest of the seven peaks, a single seat of bare dark stone standing on its frost-white summit, empty, the ordinary ranges far below. Blazing clean daylight, hard shadow, the frost brilliant."
25,6,S19,rivers,9,hero,4,0.32,0.42,0.74,awe,"Seven great rivers, each one wider than any river —","{rivers}. Extreme wide: seven enormous rivers crossing a flat open plain, each one miles wide, running away to a bright sea at the horizon, the ordinary rivers thin threads beside them -- one caravan tiny on the near bank. Blazing clean daylight, the water bright, the caravan rim-lit."
26,6,S19,rivers,11,connective,2,0.16,0.42,0.58,awe,and seven great islands out in the middle of the sea.,"{rivers}. Wide, low: the bright sea at the plain's edge, seven great islands standing out in it, the enormous rivers pouring into it. Blazing clean daylight, the water brilliant, hard shadow."
27,6,S20,none,9,connective,2,0.16,0.42,0.58,intimacy,"He showed me, Enoch says. As he showed me.","Extreme close, low: an old hand holding a reed still against a ruled surface, the knuckles and tendons legible, lit hard and warm from one side, black behind. Brilliant warm light, deep shadow."
28,6,S21,chapel,10,connective,2,0.16,0.42,0.58,intimacy,I wrote down their positions exactly as he showed them.,"{chapel}. Overhead, close: a ruled column of Ge'ez numerals part-finished, the ink of the last line still wet and bright, the lines below it empty. One hard blade of daylight across it."
29,6,S22,highland,11,hero,4,0.32,0.42,0.74,intimacy,"Somebody stood next to him, and pointed up at the sky,","{highland}. Wide from behind: the robed figure with one arm raised toward the huge bright sky above the escarpment, alone on the rim, nobody in frame with him, the gated moon pale above. Blazing clean daylight, his shadow long behind him, no second shadow anywhere."
30,6,S22,highland,11,connective,2,0.16,0.42,0.58,intimacy,going slow enough that a man could write it all down.,"{highland}. Extreme wide: the vast escarpment under an enormous bright sky, the robed figure a speck on the rim with his arm still raised, the land running to the horizon, no one else anywhere. Blazing clean morning light, one shadow on the rock."
31,6,S23,heavens,11,connective,2,0.16,0.42,0.58,unease,And this — this is the one the book puts in charge,"{heavens}. Wide, low: the ranked openings running to the limb, one blazing white and the rest pitch black, the crater field hard beneath. Blazing raw sunlight, deep black shadow."
32,6,S23,hermon,10,hero,4,0.32,0.42,0.74,unease,of the pit at the bottom of the whole world.,"{hermon}. Extreme wide: the summit and the torn cloud, and beneath the bare grey rock a colossal squared shaft cut straight down into the mountain, its walls dressed and ruled, the bottom lost in black -- one figure at its lip, tiny. Blazing cold daylight on the stone, absolute black in the shaft."
33,6,S24,hermon,10,connective,2,0.16,0.42,0.58,unease,"The pit where the two hundred of them are held,","{hermon}. Low, close: the mouth of the squared shaft cut into the grey rock, its dressed walls going straight down into black, the summit bright above. Blazing cold daylight, absolute black below."
34,6,S24,heavens,10,hero,4,0.32,0.42,0.74,unease,and it has the exact same keeper as the moon.,"{heavens}. Extreme close on one jamb: dressed rock, ruled courses, tooled channels, the same hand, the same work -- and small in the high opening beyond it, out of focus, the pit's dark mouth. Brilliant raking sunlight, every mark legible."
35,6,S25,ridge,10,connective,2,0.16,0.42,0.58,intimacy,The same one who counts out the light every night,"{ridge}. Wide: the low stone wall and dry scrub, the moon low over the ridge, its face ranked with openings and one blazing bright -- and a figure tiny beneath. Brilliant warm moonlight, every rock legible, the figure rim-lit."
36,6,S25,hermon,11,connective,2,0.16,0.42,0.58,intimacy,also holds the door on the things that ended the world.,"{hermon}. Wide: the squared shaft cut into the summit, the dressed walls, the black bottom -- and the cold bright sky and torn cloud above. Blazing cold daylight, absolute black in the shaft."
37,6,S26,highland,8,connective,2,0.16,0.42,0.58,intimacy,"And when he has finished showing him everything,","{highland}. Wide: the robed figure on the rim with his arm lowered now, the huge bright sky above and the land running away for miles, still alone. Blazing clean daylight, long shadow, the moon pale above."
38,6,S26,none,10,connective,2,0.16,0.42,0.58,intimacy,the keeper turns and says one more thing to him.,"Extreme close: the weathered face turned slightly to the side and down, listening, the eyes still, lit hard and warm from the front, black behind. Brilliant warm light, the face the brightest thing in frame."
39,6,S27,highland,10,connective,2,0.16,0.42,0.58,reflection,"One quiet line, right at the end of it all —","{highland}. Wide, low: the figure small on the rim, head bowed, the land and the bright sky, the pale gated moon above. Blazing clean daylight, one shadow, the moon hard-edged."
40,6,S28,none,8,hero,4,0.32,0.42,0.74,unease,"Behold, Enoch. I have now shown you everything.","Extreme close, straight on: the weathered ancient face filling the frame, eyes direct to camera for the first time, lit hard and bright from the front, every line legible -- and mirrored small and sharp in each eye, the ranked moon. Overwhelming white light, the face the brightest thing in frame."
1,7,S01,heavens,4,hero,4,0.32,0.42,0.74,unease,Three hundred and sixty-four.,"{heavens}. Extreme wide from high above: the entire curve of the moon, the twelve ranked openings running limb to limb, ordered, exact, countable, nothing out of place -- and the raw sun hard beyond the limb. Blazing raw sunlight, hard shadow, black star-scattered space."
2,7,S02,chapel,11,connective,2,0.16,0.42,0.58,unease,"That is his number for the year, and he loves it.","{chapel}. Extreme close, straight down: one ruled line of Ge'ez numerals alone, the page filling the foreground -- and through the high opening behind it, out of focus, the moon. One blade of daylight across the line, the moon bright beyond."
3,7,S02,chapel,10,connective,2,0.16,0.42,0.58,unease,"He says it four separate times, just to be sure.","{chapel}. Close, overhead: the same short run of Ge'ez standing four times down the open page in four different ruled columns. Hard bright highland daylight, the page blazing."
4,7,S03,heavens,10,connective,2,0.16,0.42,0.58,fascination,"Three hundred and sixty days, and four more nobody counts,","{heavens}. Extreme close on the ruled rock face: rank upon rank of small windows each holding a point of light -- and four of them side by side standing absolutely black and empty. Blazing raw sunlight raking the face, the four dark ones legible."
5,7,S04,chapel,9,connective,2,0.16,0.42,0.58,unease,and he is genuinely angry about those four days.,"{chapel}. Close, low across the reading stand: the open page seen edge-on, one dense ruled column running away in perspective. Hard bright highland daylight raking it."
6,7,S04,field,9,connective,2,0.16,0.42,0.58,unease,He says the people who skip them are wrong.,"{field}. Wide: an ancient terraced barley field on a highland slope, the grain standing ripe and bright, the land falling away for miles -- and above it the pale gated moon in the day sky. Blazing clean daylight, the grain gold, hard shadow in the terraces."
7,7,S05,heavens,8,hero,4,0.32,0.42,0.74,awe,"The year is exact, he says. Absolutely certain.","{heavens}. Extreme wide, level with the surface: the ranked openings running from foreground to limb, absolutely still, every course true -- and the earth small and bright far beyond. Blazing raw sunlight, deep hard shadow, black space."
8,7,S06,heavens,4,connective,2,0.16,0.42,0.58,unease,And he is wrong.,"{heavens}. Extreme close on one jamb: dressed rock, ruled courses, tooled channels, exact and hand-cut. Brilliant raking sunlight, every tool mark legible, deep shadow."
9,7,S07,heavens,9,connective,2,0.16,0.42,0.58,unease,The real year is not three hundred and sixty-four.,"{heavens}. Wide, low: the ranked openings running to the limb, the crater field hard and bright beneath, the black horizon behind. Blazing raw sunlight, deep black shadow, black space."
10,7,S07,field,10,connective,2,0.16,0.42,0.58,unease,"It is a day and a quarter longer, every year.","{field}. Wide, low: the terraced barley on the slope, the grain standing -- and the sun breaking a ridge behind it a clear step off from where a row of old stone markers says it should. Blazing clean daylight, the grain gold, long hard shadows off the markers."
11,7,S08,horizon,9,connective,2,0.16,0.42,0.58,fascination,Which does not sound like very much at all.,"{horizon}. Close on a small stone cairn on the near ground, the blazing ridgeline behind it out of focus. Hard clean morning light, its shadow long and sharp across the scrub."
12,7,S09,horizon,11,connective,2,0.16,0.42,0.58,unease,"A day and a quarter a year, and it never returns —","{horizon}. Same ridgeline, same angle: the raw white edge of the sun breaking the ridge exactly behind the cairn, dead centre. Overwhelming white sunrise light, the cairn in hard silhouette, its shadow at camera."
13,7,S10,horizon,10,connective,2,0.16,0.42,0.58,unease,"four years on, and your calendar is five days out.","{horizon}. Same ridgeline, same angle: the sun's edge clear of the cairn now, a plain gap of bare ridge standing between them. Overwhelming white sunrise light, hard silhouette, long shadows."
14,7,S11,horizon,10,hero,4,0.32,0.42,0.74,unease,"Twenty-five years on, and it is a whole month out.","{horizon}. Same ridgeline, same angle: the sun breaking the ridge a long way down from the cairn, the whole row of old cairns standing useless across the near ground, a figure beside them. Overwhelming white sunrise light, every cairn throwing one long hard shadow the wrong way."
15,7,S12,field,9,hero,4,0.32,0.42,0.74,unease,Your spring harvest feast lands in the winter rain.,"{field}. Wide: the terraced barley field under heavy bright rain, the grain soaked and flattened, one small robed figure standing in it with water running off him, the sky brilliant and torn open above the ridge. Blazing white light breaking through the rain, the wet grain shining."
16,7,S13,chapel,9,connective,2,0.16,0.42,0.58,unease,"And then, right here, the book does something odd.","{chapel}. Close, overhead: the open page where a dense ruled column of numerals stops dead mid-page and unbroken narrative script begins beneath it, the change plain. Hard bright highland daylight, the page blazing."
17,7,S14,chapel,7,connective,2,0.16,0.42,0.58,unease,Chapter eighty. Uriel is somehow still talking —,"{chapel}. Extreme close, straight down: one ruled line of Ge'ez alone at the head of a column, the page filling the foreground -- and through the high opening behind, out of focus, the moon. One blade of daylight across the line, the moon bright beyond."
18,7,S15,heavens,10,connective,2,0.16,0.42,0.58,unease,"he has only just finished saying he showed him everything,","{heavens}. Extreme wide, level with the surface: the whole rank running away over the curve, every course true, nothing out of place, nothing moving. Blazing raw sunlight, hard shadow, black space."
19,7,S16,highland,10,connective,2,0.16,0.42,0.58,unease,"and now, suddenly, he says the years will be shortened.","{highland}. Extreme wide: the escarpment under a huge bright sky, the land falling away for miles, the light low and hard and wrong for the season, long shadows thrown across everything. Blazing clean light from very low, the rock brilliantly lit."
20,7,S17,field,11,connective,2,0.16,0.42,0.58,unease,He says the seed will be late going into the ground.,"{field}. Wide, low: the terraced field with the barley thin and failing, cracked bare earth showing between the rows, the highland falling away beyond, the huge sky bright. Blazing clean daylight, hard shadow in every crack."
21,7,S18,heavens,10,hero,4,0.32,0.42,0.74,unease,He says the moon herself will alter her fixed order —,"{heavens}. Wide, straight on the ranked row: light blazing out of an opening in the middle and out of another at the far end at the same time, two lit at once, the order plainly broken -- the earth beyond the limb. Blazing raw sunlight, hard shadow, black space."
22,7,S18,heavens,11,connective,2,0.16,0.42,0.58,unease,she will not appear at the time she is supposed to.,"{heavens}. Same row, same angle: every opening in the rank pitch black, nothing standing in any of them, the crater field grey and flat. Raw unfiltered sunlight from behind, the openings dark, black space."
23,7,S19,ridge,9,connective,2,0.16,0.42,0.58,unease,He says the stars themselves will change their courses —,"{ridge}. Wide, low: the low stone wall and dry scrub, the moon low over the ridge, and above it a sky full of hard bright points standing plainly out of their ranks, scattered wrong. Brilliant starlight and moonlight, every rock legible."
24,7,S19,ridge,10,connective,2,0.16,0.42,0.58,unease,and that men will start to mistake them for gods.,"{ridge}. Wide, low: two small human silhouettes on the ridge with their arms raised toward the scattered wrong stars, the low wall beside them, the moon low behind. Brilliant starlight and moonlight, the figures rim-lit, every rock legible."
25,7,S20,heavens,6,connective,2,0.16,0.42,0.58,fascination,Eleven whole chapters of careful arithmetic —,"{heavens}. Extreme wide: the ranked openings running across the curved face limb to limb, evenly spaced, every course matching, ordered beyond argument. Blazing raw sunlight, hard shadow, black star-scattered space."
26,7,S20,heavens,10,hero,4,0.32,0.42,0.74,unease,"and then, suddenly, one page saying it will all fail.","{heavens}. Wide, straight on the rank: one short run of openings in the middle of the row cut from paler stone, its courses not lining up with the rock either side, the join plain -- the earth small beyond the limb. Blazing raw sunlight, hard shadow across the mismatch."
27,7,S21,heavens,9,connective,2,0.16,0.42,0.58,unease,So take chapter eighty out. Just lift it out.,"{heavens}. Extreme close on the join: dressed grey rock on one side, paler dressed stone on the other, the courses meeting at a hard vertical line and not agreeing. Brilliant raking sunlight, every tool mark legible, deep shadow in the seam."
28,7,S22,heavens,9,connective,2,0.16,0.42,0.58,unease,"Lift out that one strange page about everything failing,","{heavens}. Wide, same rank, same angle: the paler run simply gone, a squared gap standing in the row where it was, the rock either side cut clean. Blazing raw sunlight, deep black in the gap, black space."
29,7,S23,heavens,10,hero,4,0.32,0.42,0.74,unease,and the sentence before it and the sentence after it,"{heavens}. Tight on the two cut stone edges either side of the gap in the rank: both faces dressed, both course patterns identical, the same hand on both, black space between them. Overwhelming raw sunlight, hard shadow."
30,7,S23,heavens,10,connective,2,0.16,0.42,0.58,unease,join straight up like nothing was ever there at all.,"{heavens}. Wide, same rank, same angle: the row unbroken and continuous, every course running through, no gap, no seam, no mismatch anywhere. Blazing raw sunlight, hard shadow, black space."
31,7,S24,chapel,9,connective,2,0.16,0.42,0.58,unease,Both of them start with the very same words.,"{chapel}. Close, overhead: two ruled lines in two different columns of the open page, the same run of Ge'ez opening both. Hard bright highland daylight, the page blazing, the ruling throwing shadow."
32,7,S24,chapel,9,connective,2,0.16,0.42,0.58,unease,"And now, my son, I have shown you everything.","{chapel}. Extreme close, straight down: one ruled line of Ge'ez alone, the page filling the foreground -- and through the high opening, out of focus and enormous, the moon. One blade of daylight across the line, the moon bright behind."
33,7,S25,heavens,9,connective,2,0.16,0.42,0.58,unease,The scholars who pieced the old Aramaic back together,"{heavens}. Extreme close on the paler stone: its face dressed differently, the tooling at a different angle, the courses a different height from the rock behind it. Brilliant raking sunlight, every mark legible, deep shadow."
34,7,S25,heavens,9,hero,4,0.32,0.42,0.74,unease,say chapter eighty was added a long time later.,"{heavens}. Wide, low: the paler run standing in the rank, newer, its stone cleaner and unweathered against the pitted grey rock either side -- the earth small beyond the limb. Blazing raw sunlight, the mismatch plain, black space."
35,7,S26,heavens,10,connective,2,0.16,0.42,0.58,unease,"So somebody wrote it, and slid it into the middle,","{heavens}. Extreme close on the seam: the hard vertical join between the two stones, tight, deliberate, fitted by hand. Brilliant raking sunlight, deep shadow in the line."
36,7,S26,horizon,10,connective,2,0.16,0.42,0.58,unease,some time after the careful numbers had started to slip —,"{horizon}. Same ridgeline, same angle as before: the sun breaking the ridge a clear step off the old cairn, the marker plainly wrong now. Overwhelming white sunrise light, hard silhouette, long shadows."
37,7,S27,field,8,connective,2,0.16,0.42,0.58,reflection,"after somebody had gone outside, year on year,","{field}. Wide: the terraced barley field, the grain standing, one robed figure on the terrace edge looking to the ridge, the land falling away for miles. Blazing clean daylight, the grain gold, long shadow off the figure."
38,7,S27,field,10,hero,4,0.32,0.42,0.74,unease,and watched the whole exact machine drift out of true.,"{field}. Wide, low: the terraced field and the ridge beyond, a row of old stone markers along the terrace, the sun breaking the ridge a long way off the end of them, a figure tiny beside them. Blazing clean daylight, the grain gold, long hard shadows the wrong way."
39,7,S28,chapel,11,connective,2,0.16,0.42,0.58,unease,And then they put the warning in the angel's own mouth.,"{chapel}. Extreme close: one ruled line of Ge'ez, the page filling the frame -- and behind it through the opening, out of focus, the moon. One blade of daylight across it, the moon bright beyond."
40,7,S28,heavens,11,hero,4,0.32,0.42,0.74,reflection,"The keeper of the sky, warning you the sky will fail.","{heavens}. Extreme wide from high above: the whole curved face and its ranked openings, and the paler run standing in the middle of them, cut by a different hand into a wall somebody else had already finished -- the earth small beyond the limb. Blazing raw sunlight, the mismatch legible, black space."
1,8,S01,chapel,8,connective,2,0.16,0.42,0.58,reflection,Now for the honest part of all this.,"{chapel}. Wide from outside: the single codex open on its stand in the bright empty chapel, one hard shaft of daylight on it, nothing else in the room. Blazing light, hard shadow, the dressed basalt bright."
2,8,S02,heavens,8,hero,4,0.32,0.42,0.74,unease,The gates are not actually on the moon.,"{heavens}. Extreme wide from high above: the entire curve of the moon, grey crater fields running limb to limb, bare, unbuilt, nothing cut into it anywhere -- and the raw sun hard beyond the limb. Blazing raw sunlight, hard shadow, black star-scattered space."
3,8,S02,chapel,8,connective,2,0.16,0.42,0.58,unease,He never once actually says that they are.,"{chapel}. Extreme close, straight down: one ruled line of Ge'ez alone, the page filling the foreground, the moon out of focus through the opening behind. One blade of daylight across the line, the moon bright beyond."
4,8,S03,horizon,8,connective,2,0.16,0.42,0.58,fascination,He says they are down on the horizon —,"{horizon}. Wide: the long low ridgeline running flat for miles, the near scrub and boulders sharp, the sky above already pale. Cold clean pre-dawn light, the eastern sky brightening hard."
5,8,S03,horizon,10,hero,4,0.32,0.42,0.74,fascination,"six in the east, where the sun actually comes up.","{horizon}. Low: the raw white edge of the sun breaking the ridgeline, blinding, the scrub in hard silhouette against it, a small robed figure watching from the near ground. Overwhelming white sunrise light, long shadows thrown at camera."
6,8,S04,heavens,9,connective,2,0.16,0.42,0.58,unease,Everything you have been staring at for twenty minutes,"{heavens}. Extreme wide: the moon's curved face with the twelve ranked openings cut across it, ordered, countable, immense. Blazing raw sunlight, deep hard shadow, black star-scattered space."
7,8,S04,heavens,10,connective,2,0.16,0.42,0.58,reflection,"is a picture I built for you. Mine, not his.","{heavens}. The same curve, the same angle, the same light -- and the rock completely bare now, no openings, no windows, no courses, nothing cut into it at all. Blazing raw sunlight, hard shadow, black star-scattered space."
8,8,S05,chapel,9,connective,2,0.16,0.42,0.58,unease,And the four angels' names are a spelling choice.,"{chapel}. Extreme close, straight down: a ruled column of four Ge'ez names, one to a line, the page filling the foreground, the moon out of focus behind. One blade of daylight across them, the moon bright beyond."
9,8,S06,chapel,9,connective,2,0.16,0.42,0.58,unease,"The Ethiopic and the old Aramaic do not agree,","{chapel}. Close, overhead: two pages side by side on the stand, two different scripts, ruled columns down both. Hard bright highland daylight, both pages blazing."
10,8,S06,chapel,8,hero,4,0.32,0.42,0.74,unease,and four different scholars give four different spellings.,"{chapel}. Close: four separate printed editions open flat side by side, four dense columns of numbered verses, ruled lines through all four -- and the moon out of focus in the high opening beyond. Flat bright daylight, every page legible."
11,8,S07,chapel,8,connective,2,0.16,0.42,0.58,reflection,Nobody alive actually knows how to say them.,"{chapel}. Extreme close: one Ge'ez name filling the frame, the letters sharp and regular and unreadable. One hard blade of white daylight straight across it, the ink razor-sharp."
12,8,S08,heavens,10,connective,2,0.16,0.42,0.58,reflection,So take all of that away. Take my pictures away.,"{heavens}. Extreme wide, level with the bare surface: grey crater fields running away over the curve to a hard black horizon, nothing built, nothing cut -- and the earth small and bright far beyond. Blazing raw sunlight, deep hard shadow, black space."
13,8,S09,chapel,11,connective,2,0.16,0.42,0.58,fascination,"Strip it back, and what is left is still a table.","{chapel}. Extreme close, straight down: nothing but ruled lines and Ge'ez numerals in even columns, a grid, the moon out of focus through the opening. One blade of daylight across the grid, the moon bright beyond."
14,8,S10,heavens,10,connective,2,0.16,0.42,0.58,fascination,"Six gates east and six west, indexed by the month.","{heavens}. Extreme wide from high above: both ranked rows at once on the curved face, twelve openings, ordered and countable, the limb curving into black. Blazing raw sunlight, hard shadow, black star-scattered space."
15,8,S11,interior,8,connective,2,0.16,0.42,0.58,awe,The moon's light poured in by exact sevenths —,"{interior}. Extreme wide, straight down the void: the cut-stone floor lit in exact ruled bands by shafts of raw sunlight, each band the same width, countable, the dark absolute. Blazing raw sunlight, black airless dark, hard edges."
16,8,S11,none,11,hero,4,0.32,0.42,0.74,awe,"a seventh of the sun's light, and the very same size.","Extreme telephoto against a dark blue sky: the black circle of the moon exactly over the sun, a hard unbroken ring of raw white fire all the way around it -- and beneath it at the frame's foot, a dark horizon and one silhouetted figure. Overwhelming ring light, absolute black at the centre."
17,8,S12,winds,10,connective,2,0.16,0.42,0.58,awe,The whole sky driven along on nothing but the wind.,"{winds}. Extreme wide: the colossal wall of dressed stone at the ends of the earth, twelve ranked openings pouring wind and torn cloud out across the open land for miles, a figure tiny below. Blazing raw daylight, the torrents brilliant, the figure rim-lit."
18,8,S13,heavens,9,connective,2,0.16,0.42,0.58,unease,"Three hundred and sixty days, and four nobody counts.","{heavens}. Extreme close on the ruled rock face: rank upon rank of small windows each holding a point of light, and four of them side by side standing absolutely black and empty. Blazing raw sunlight raking the face, the four dark ones legible."
19,8,S14,cave,10,hero,4,0.32,0.42,0.74,awe,All of it written down before the birth of Christ.,"{cave}. A brittle fragment held up at the cave mouth, the desert blazing white behind it, the script black against the sky -- the salt sea far below. Overwhelming backlight, the fragment's edge razor-sharp."
20,8,S15,ridge,10,hero,4,0.32,0.42,0.74,reflection,Nobody needed my pictures to make any of that strange.,"{ridge}. Wide, low: the low stone wall and dry scrub, one small robed figure beneath the enormous ordinary moon low over the ridge, its face bare and unbuilt, real maria and craters. Brilliant warm moonlight, every rock legible, the moon the brightest thing in frame."
21,8,S16,chapel,10,connective,2,0.16,0.42,0.58,fascination,And all of that is only eleven chapters of it.,"{chapel}. Close: a hand marking two points in the page block, a thin section held against the fat rest of the book. Hard bright daylight, the page edges blazing."
22,8,S16,chapel,11,connective,2,0.16,0.42,0.58,fascination,This one book runs to a hundred and eight in all.,"{chapel}. Close, low: the whole codex seen edge-on on its stand, the block of pages deep and dense, the thin marked section a sliver in it. Hard bright highland daylight raking the edges."
23,8,S17,chapel,10,connective,2,0.16,0.42,0.58,unease,And there is one more place I must show you.,"{chapel}. Extreme close: the pages parting on a spread where the ruled numerical columns stop and unbroken narrative script begins, the change plain. One blade of daylight across the fold."
24,8,S18,chambers,9,hero,4,0.32,0.42,0.74,awe,Another mountain entirely. This one out in the west.,"{chambers}. Extreme wide: the colossal bare grey mountain standing alone in the empty desert, the land running flat to the horizon around it, one caravan tiny at its foot. Blazing hard low sunlight, the rock brilliantly lit, long shadows across the sand."
25,8,S19,chambers,10,connective,2,0.16,0.42,0.58,awe,Four hollow places cut deep into the hard grey rock.,"{chambers}. Wide, low: the mountain's face filling the frame, four enormous smooth hollow places cut deep into it, evenly spaced, countable -- one figure tiny at the base for scale. Blazing hard low sunlight, absolute black inside every one, the figure rim-lit."
26,8,S20,chambers,10,connective,2,0.16,0.42,0.58,awe,"Deep, and wide, and very smooth. That is his phrase.","{chambers}. Tight into one hollow place with the other three running away behind: the dressed wall blazing at the rim and nothing beyond but black, no floor, no far wall. Overwhelming sunlight on the rim, absolute black inside."
27,8,S21,chambers,9,connective,2,0.16,0.42,0.58,unease,Four again. There is that number one more time.,"{chambers}. Extreme wide from high above: the whole mountain and its four hollow places at once, evenly spaced across the rock face, countable, the desert running away flat around it. Blazing hard sunlight, four black voids, long shadows."
28,8,S22,chambers,10,hero,4,0.32,0.42,0.74,unease,They are the four places where the dead are waiting.,"{chambers}. Wide, low from the desert floor: the mountain towering over the frame, the four hollow places black above, one small human silhouette standing tiny at the base of the rock. Blazing hard low sunlight, the figure rim-lit, the rock brilliant."
29,8,S23,chambers,9,connective,2,0.16,0.42,0.58,unease,And one of those four places is not quiet.,"{chambers}. Tight on one hollow place, the others dark beside it: the rim blazing, the black inside absolute, the dressed rock bare. Overwhelming sunlight on the rim, black within."
30,8,S24,chambers,11,hero,4,0.32,0.42,0.74,unease,"Abel is in one of them, and he is still shouting.","{chambers}. Extreme wide: the mountain in the blazing empty desert, the four black hollow places in its face, the land running to the horizon, and nothing and nobody in frame. Blazing hard low sunlight, the rock brilliant, four voids."
31,8,S25,ridge,10,connective,2,0.16,0.42,0.58,reflection,"But that is the very next film, and another night.","{ridge}. Wide: the low stone wall and dry scrub, the ridgeline dark against a bright sky, empty. Cool blue night air, warm light low on the horizon."
32,8,S26,ridge,10,connective,2,0.16,0.42,0.58,reflection,"Tonight, just go outside, anywhere at all, and look up.","{ridge}. Low from ground level: the scrub and pale boulders in the foreground, the sky bright above the ridge, the moon not yet risen. Brilliant starlight, the rock legible, cool blue night."
33,8,S27,ridge,10,connective,2,0.16,0.42,0.58,reflection,It will be right where he said it would be —,"{ridge}. The full moon enormous and low, cresting the ridge, utterly ordinary, real maria and craters, far too big for the sky, the scrub and wall hard-lit beneath. Brilliant warm gold moonlight, the moon the brightest thing in frame."
34,8,S27,ridge,11,connective,2,0.16,0.42,0.58,reflection,give or take the day and a quarter he never knew.,"{ridge}. The moon higher and smaller above the bare ridge, the wall and scrub lit hard by it. Bright warm moonlight raking the stone."
35,8,S28,highland,10,connective,2,0.16,0.42,0.58,reflection,"He was not shown a wonder, up on that escarpment.","{highland}. Wide: the vast escarpment, one robed figure small on the rim, the land falling away for miles, the pale moon in the bright day sky. Blazing clean daylight, one long shadow off the figure."
36,8,S28,highland,11,hero,4,0.32,0.42,0.74,awe,"He was shown a machine, and the men who run it.","{highland}. Wide, low: the robed figure alone on the rim, the land running away for miles -- and above him the moon in the bright sky, its face ranked with countable cut stone openings, enormous. Blazing clean daylight, the figure rim-lit, the moon hard-edged."
37,8,S29,chapel,9,connective,2,0.16,0.42,0.58,reflection,"And he wrote every measured part of it down,","{chapel}. Overhead, close: the ruled column of Ge'ez numerals, the ink sharp, the page filling the frame. One brilliant blade of daylight straight across it."
38,8,S29,ridge,10,connective,2,0.16,0.42,0.58,reflection,"so that three thousand years later, on an ordinary night,","{ridge}. Wide, low: one small human silhouette on the ridge beneath the enormous moon, the land running away to the horizon. Brilliant warm moonlight, every rock legible, the figure rim-lit."
39,8,S30,ridge,10,connective,2,0.16,0.42,0.58,reflection,"you could stand in your own garden, and look up,","{ridge}. The enormous moon low over the ridge, the wall and scrub hard-lit beneath it, ordinary and bright. Brilliant warm gold moonlight, every rock legible."
40,8,S30,ridge,6,hero,4,0.32,0.42,0.74,awe,and check his arithmetic for yourself.,"{ridge}. Extreme telephoto on the moon's face, real craters and maria along the terminator, astrophotography detail -- and faint but unmistakable across it, the ranked openings. Brilliant warm gold light, crisp, every mark legible."
