block_id,clip_index,sentence_id,weight,register,narration,phenomenon,setting,words,variants,move,air,motion
1,1,s01,hero,hush,"A man climbs the mountain in the dark, carrying one flat stone in both hands.","{highstone} extreme close low angle, two weathered hands gripping a flat pale stone, hard white moonlight raking across the grain, dark summit rock falling away behind",highstone,15,4,settle,kb,
1,2,s01,connective,hush,"He has made this climb before, and he will make it again tomorrow night.","{highstone} wide silhouette, a lone figure climbing a bare ridge against a bright star-thick sky, cold blue light along the rock spine, valley depth below",highstone,14,2,crane,kling,"slow crane up, subtle ambient drift only, subject locked, no other movement"
1,3,s01,connective,hush,At the top he sets the stone down on bare rock and says nothing.,"{highstone} extreme close from above, one pale flat stone set on dark swept rock, cold moonlight edging it, deep shadow in the seams around",highstone,14,2,settle,kling,"near-locked, slow settle, water and suspended particles drifting, subject locked, no other movement"
1,4,s02,connective,awe,"Below him the world is young, and the rivers still run far too wide.","{youngearth} extreme wide from the summit, an immense green valley opening under a bright pre-dawn sky, the small figure tiny on the near rock edge",youngearth,14,2,push,kb,
1,5,s02,connective,awe,"The forests stand taller than forests ought to stand, crowding the low valleys.","{youngearth} low angle looking up through colossal trees, shafts of clean gold light cutting between trunks far taller than any forest should be",youngearth,13,2,push,kb,
1,6,s02,hero,awe,"The sky hangs close over all of it, as though it still remembers touching the ground.","{youngearth} vast wide, a low bright cloud ceiling pressing close over green hills, one small human figure on a ridge for scale, luminous edges on the cloud",youngearth,16,4,pull,kling,"slow pull-back, dust and haze drifting, subject locked, no other movement"
1,7,s03,connective,wonder,"In the valley there is a village of the line of Seth, small and unremarkable.","{village} medium wide, low mud-brick and timber houses under bright clear morning light, smoke rising straight, cooking fires glowing orange in doorways",village,15,2,crane,kling,"slow crane up, dust and haze drifting, subject locked, no other movement"
1,8,s03,connective,wonder,"Clay on their hands, fire before dawn, a life that asks for nothing more.","{village} extreme close, wet clay worked between two pairs of hands, warm firelight from the left, the dark interior soft behind",village,14,2,settle,kling,"near-locked, slow settle, flame and embers rising, subject locked, no other movement"
1,9,s03,connective,tension,"They keep to themselves, and they have kept to themselves for a reason nobody says out loud.","{village} medium, a woman drawing a heavy wooden bar across a door from the inside, hard morning light through the closing gap, a goat pen bright beyond",village,17,2,push,kb,
1,10,s04,connective,menace,"Far from here, in a field nobody names now, a brother lifted his hand against a brother.","{youngearth} distant wide, an empty pale plain under a hard bright sky, one lone standing stone marking a place, long morning shadows",youngearth,17,2,settle,kb,
1,11,s04,connective,menace,"The ground drank that blood, and the old accounts say the ground was never the same again.","{youngearth} extreme close on cracked dark earth, a bright shaft of daylight falling across the split ground, dust suspended in the beam",youngearth,17,2,settle,kling,"near-locked, slow settle, dust and haze drifting, subject locked, no other movement"
1,12,s04,connective,tension,"Every generation since has learned to build, and learned along with it to break.","{village} medium low angle, a bronze tool and a broken haft lying together on a workbench, hard window light, shavings bright against the dark wood",village,14,2,settle,kb,
1,13,s05,hero,tension,"That same night, inside a hut below the mountain, a woman's cry tears open the silence.","{hut} interior wide, a low room lit by one blazing oil lamp, two women's hands clasped tight on a woven mat, shadows thrown huge across the wall",hut,16,4,push,kling,"slow push-in, flame and embers rising, subject locked, no other movement"
1,14,s05,connective,tension,"The man on the high stone hears it and starts down through the dark, stumbling.","{highstone} wide, a man half-running down a moonlit slope with a torch streaming behind him, cold blue rock, warm flame light on his face",highstone,15,2,push,kling,"slow push-in, flame and embers rising, subject locked, no other movement"
1,15,s05,connective,hush,"By the time he reaches the doorway, his son has already been born.","{hut} medium from outside the doorway, warm lamplight spilling out into blue pre-dawn air, a figure stopped in the frame of the door",hut,13,2,push,kb,
1,16,s06,connective,wonder,"The child is small, smaller than any of them expected him to be.","{hut} close, a newborn wrapped in rough cloth held against a woman's chest, warm lamp glow on the small face, dark room beyond",hut,13,2,settle,kb,
1,17,s06,hero,wonder,"But he opens his eyes, and they are dark and deep and far too steady.","{hut} extreme close, an infant's open eyes catching the lamp flame, wet dark irises, everything else falling into soft shadow",hut,15,4,settle,kling,"near-locked, slow settle, flame and embers rising, subject locked, no other movement"
1,18,s06,connective,tension,His mother presses the boy against her chest and asks her husband what he will be called.,"{hut} medium two-shot, the mother looking up toward her husband, both faces lit from below by the lamp, the doorway bright behind them",hut,17,2,push,kb,
1,19,s07,connective,hush,"Enoch does not answer her, and the room goes quiet around him.","{hut} close, a clay lamp guttering as a draught crosses it, warm light shivering on the mud wall, a spindle left hanging mid-thread below",hut,12,2,push,kb,
1,20,s07,connective,hush,He stands in the doorway like a man listening to something on the other side of a wall.,"{hut} low angle from floor level, the man's silhouette filling the door frame with brilliant dawn sky beyond, the room dark around the edges",hut,18,2,settle,kb,
1,21,s07,connective,wonder,"Then he carries the child out of the hut, into the first grey light of the morning.","{village} wide, a man carrying a bundled infant out into an open yard, first grey daylight, the houses still dark, the sky lightening fast",village,17,2,settle,kb,
1,22,s08,hero,awe,He lifts his son toward a sky that is turning red behind a thin mist.,"{youngearth} low angle hero shot, a man lifting a newborn high above his head toward a red and gold dawn sky, thin mist glowing, his face fully lit from beneath",youngearth,15,4,crane,kling,"slow crane up, dust and haze drifting, subject locked, no other movement"
1,23,s08,connective,awe,"And he speaks a name the way a judge reads out a sentence, slowly, so it lands.","{village} close on a man's face in profile, mouth open mid-word, brilliant dawn light across one cheek, the deep shadow of the houses behind",village,17,2,settle,kling,"near-locked, slow settle, water and suspended particles drifting, subject locked, no other movement"
1,24,s09,hero,awe,Methuselah.,"{highstone} vast wide hero shot, an immense bright dawn breaking over the whole mountain range, one single small figure holding a child on the summit, gold light flooding the ridges",highstone,1,4,pull,kling,"slow pull-back, subtle ambient drift only, subject locked, no other movement"
1,25,s10,connective,menace,The old traditions read that name as a warning pronounced over the whole world.,"{youngearth} wide, a bright open sky with a single high band of cloud burning gold, a long skein of birds crossing beneath it, the land still blue below",youngearth,14,2,settle,kling,"near-locked, slow settle, flame and embers rising, subject locked, no other movement"
1,26,s10,connective,menace,"When this one is taken, they say, the waters will be sent over all the earth.","{youngearth} extreme wide low angle, an immense wall of bright rain-cloud standing far off on a clear horizon, sunlit at its crown, the plain lit pale beneath",youngearth,16,2,push,kling,"slow push-in, water and suspended particles drifting, subject locked, no other movement"
1,27,s10,connective,hush,Nobody standing in that hut understands what has just been said aloud over a newborn.,"{hut} medium, a midwife wringing a cloth out into a shallow clay bowl in warm lamplight, water bright on her wrists, other hands busy in the dark behind",hut,15,2,settle,kling,"near-locked, slow settle, water and suspended particles drifting, subject locked, no other movement"
1,28,s11,connective,grief,The mother hears only a name. The father hears a date he cannot write down.,"{hut} close two-shot, a woman's face soft with relief on the left, a man's face fully lit and still on the right, one lamp between them",hut,15,2,settle,kb,
1,29,s11,connective,wonder,"Outside, the village wakes the way it always wakes, with baskets and smoke and argument.","{village} wide bright morning, women carrying baskets, a man arguing with another beside a fire, everything ordinary, clear high sunlight over the whole scene",village,15,2,pull,kling,"slow pull-back, flame and embers rising, subject locked, no other movement"
1,30,s11,hero,awe,"Not one of them knows that something has begun to count, out loud, on a mountain.","{highstone} hero wide from behind, a single pale stone sitting alone on a broad summit, brilliant morning light across bare rock, the world spread out beyond it",highstone,16,4,settle,kb,
1,31,s12,connective,hush,The boy grows up beneath a fire his father feeds every single night without fail.,"{highstone} medium night, a small fire burning steadily on the high stone, warm light pooling on the rock, a man's hands feeding it wood",highstone,15,2,push,kling,"slow push-in, flame and embers rising, subject locked, no other movement"
1,32,s12,connective,wonder,He learns to carry wood up the mountain before he learns to carry anything else.,"{highstone} wide low angle, a boy climbing a steep path with wood strapped to his back, hard clean afternoon light, the summit far above him",highstone,15,2,crane,kling,"slow crane up, subtle ambient drift only, subject locked, no other movement"
1,33,s12,hero,awe,"And on the morning after each of his birthdays, Enoch hands him one flat stone.","{highstone} hero close, a man's hands placing one flat stone into a child's small open palms, brilliant low sun across both, dark rock beneath",highstone,15,4,settle,kb,
1,34,s13,connective,hush,"Lay it beside the others, his father tells him, and do not lose count.","{highstone} medium two-shot, a father crouched to a boy's height beside a short line of pale stones, warm morning light on both faces, the valley bright behind",highstone,14,2,push,kb,
1,35,s13,connective,tension,"The boy asks what the stones are counting toward, and gets no answer at all.","{highstone} close on a boy's upturned face, eyes searching, bright sky light across him, his father's shoulder dark in the foreground",highstone,15,2,settle,kb,
1,36,s14,hero,awe,"By his tenth year there are ten of them, laid out in a short pale line.","{highstone} hero high angle, ten pale flat stones laid in a neat short line on bare summit rock, hard bright sunlight, sharp black shadows beside each one",highstone,16,4,push,kb,
1,37,s14,connective,awe,"Ten stones on a mountain, in a world where nobody else is counting anything.","{youngearth} extreme wide, ten small stones on a bright summit ridge with an immense sunlit landscape opening beyond, a hawk turning on the air above them",youngearth,14,2,push,kb,
1,38,s14,connective,hush,"His father tells him only this, that time is given to a man, never taken.","{highstone} close, an old hand closing a boy's fingers around a flat stone, brilliant clear light across both, the fire glowing low behind",highstone,15,2,push,kb,
1,39,s15,connective,hush,"One day this fire will be yours, Enoch says, and this count will be yours.","{highstone} close on a low fire at dusk, bright embers pulsing, two figures dark and warm-rimmed behind it, deep blue sky above",highstone,15,2,settle,kling,"near-locked, slow settle, water and suspended particles drifting, subject locked, no other movement"
1,40,s15,hero,wonder,"And the boy carries a number up the mountain that nobody has explained to him yet. <break time=""5.5s"" />","{highstone} hero wide from behind, a small boy alone beside the line of stones and the fire, brilliant last light burning along the whole ridge, the dark valley far below",highstone,16,4,settle,kling,"near-locked, slow settle, flame and embers rising, subject locked, no other movement"
2,1,s01,connective,tension,There was one man alive in those days who did not need the stories told to him.,"{youngearth} extreme wide, an empty sunlit plain reaching to a clear far horizon, one thin footpath, a lone tree bent hard by the prevailing wind",youngearth,17,2,settle,kb,
2,2,s01,connective,wonder,"One morning Enoch takes his son east, past the last of the planted fields.","{village} medium low angle, a man and a boy walking out past the last planted row at dawn, long shadows behind them, warm light on their backs",village,14,2,pull,kb,
2,3,s01,connective,wonder,They walk for days through country the village has no names for.,"{youngearth} wide, two small figures crossing a broad river shallows under hard midday sun, bright water breaking white around their legs, far bank green",youngearth,12,2,push,kling,"slow push-in, water and suspended particles drifting, subject locked, no other movement"
2,4,s02,connective,tension,"The boy asks where they are going, twice. His father keeps walking.","{youngearth} close from behind at knee height, a boy's feet on stony ground, harsh clean daylight, a man's stride ahead of him in the dust",youngearth,12,2,push,kling,"slow push-in, dust and haze drifting, subject locked, no other movement"
2,5,s02,hero,awe,On the fourth morning the land opens out and there is a dwelling on it.,"{youngearth} vast wide, a green valley opening below a ridge at first light, one low stone dwelling tiny in the middle distance, gold light flooding across it",youngearth,15,4,pull,kling,"slow pull-back, subtle ambient drift only, subject locked, no other movement"
2,6,s02,connective,wonder,Nobody built it recently. It has stood longer than anything the boy has seen.,"{firsthome} medium wide, a low ancient dwelling of fitted grey stone with a heavy timber lintel, bright morning sun on the weathered face of it, deep shade inside",firsthome,14,2,push,kb,
2,7,s03,connective,hush,"An old man sits outside it in the sun, entirely still.","{firsthome} wide, {firstman} sitting motionless on a broad flat stone outside the doorway, brilliant clear sunlight full on him, the dwelling dark behind",firsthome,11,2,settle,kb,
2,8,s03,connective,wonder,His skin is like the bark of a tree that outlived the forest around it.,"{firsthome} extreme close, the back of an ancient hand resting on stone, skin ridged and split like old bark, hard raking sunlight across every furrow",firsthome,15,2,push,kb,
2,9,s03,hero,awe,"His eyes are two flat lakes, and every year he has lived sits in his face.","{firsthome} extreme close, {firstman} face filling the frame, eyes wide open and pale and steady, bright sky light across him, the doorway black beyond",firsthome,16,4,push,kling,"slow push-in, subtle ambient drift only, subject locked, no other movement"
2,10,s04,connective,awe,"This is Adam, the boy is told. The first man of us all.","{firsthome} medium two-shot low angle, a boy half-hidden behind his father's leg peering out at the seated ancient figure, bright open sky above all three",firsthome,13,2,push,kling,"slow push-in, subtle ambient drift only, subject locked, no other movement"
2,11,s04,connective,hush,The first man does not ask who they are. He moves over on the stone.,"{firsthome} close, an ancient hand patting the sunlit stone beside him in invitation, warm light, the boy's shadow falling across the rock",firsthome,15,2,settle,kling,"near-locked, slow settle, subtle ambient drift only, subject locked, no other movement"
2,12,s04,connective,hush,"Methuselah sits at his feet, and the oldest voice on earth begins.","{firsthome} close, a boy's bare feet drawn up on warm sunlit stone beside an ancient pair, dry grass and a beetle crossing the rock between them",firsthome,12,2,push,kb,
2,13,s05,hero,wonder,"I walked in a place where nothing died, Adam says. That is the part you will not believe.","{eden} hero wide, a warm green garden world where the air itself carries a soft golden brightness, every leaf and stem glowing as if lit from within",eden,18,4,push,kling,"slow push-in, subtle ambient drift only, subject locked, no other movement"
2,14,s05,connective,wonder,The ground under it was soft. The animals came close and were not afraid.,"{eden} medium, a great cat and a deer standing close together on soft glowing ground, unhurried, warm light pouring evenly through the canopy above",eden,14,2,push,kling,"slow push-in, subtle ambient drift only, subject locked, no other movement"
2,15,s05,connective,awe,"And in the evening, when the wind came up, he walked in it with us.","{eden} wide from behind at ankle height, tall grass bending in an evening wind, radiant gold air moving through the whole garden, long soft shapes of trees",eden,15,2,pull,kling,"slow pull-back, subtle ambient drift only, subject locked, no other movement"
2,16,s06,connective,hush,The boy does not move. He does not breathe properly for a long time.,"{firsthome} extreme close, a boy's face utterly still and rapt, bright daylight across him, the ancient figure blurred and warm behind his shoulder",firsthome,14,2,settle,kb,
2,17,s06,hero,awe,"Adam tells him what the light was like there, and there is no word for it.","{eden} hero wide, an immense luminous landscape where the ground and the sky share one golden light, rich colour in every surface, radiant fullness everywhere",eden,16,4,push,kling,"slow push-in, subtle ambient drift only, subject locked, no other movement"
2,18,s06,connective,awe,"It was not the sun, he says. The sun is a lamp somebody hung up afterward.","{eden} low angle, a bright unbroken canopy overhead pouring even white-gold light down through leaves, warm glowing air, one continuous soft radiance",eden,16,2,pull,kb,
2,19,s07,connective,wonder,"Everything there was lit from inside, and nothing anywhere cast a shadow.","{eden} close, a hand held open in glowing light with the fingers casting an even radiance, the skin bright, the ground beneath it luminous",eden,12,2,push,kb,
2,20,s07,connective,hush,"Then he stops, and for a while there is only wind in the grass.","{firsthome} wide, dry grass bending in one long wave across a sunlit slope, two small seated figures at the frame edge, bright hills beyond",firsthome,14,2,push,kling,"slow push-in, water and suspended particles drifting, subject locked, no other movement"
2,21,s08,connective,grief,"We lost it, Adam says, for one bite and one lie and one afternoon.","{firsthome} close, {firstman} in profile mid-sentence, deeply lined face fully lit from the side, the dark doorway a hard vertical behind him",firsthome,14,2,settle,kb,
2,22,s08,hero,awe,The way back closed behind us and it has never once opened since.,"{eden} hero wide low angle, a colossal shut gateway of living stone glowing at its seams, brilliant light burning behind it, the ground before it swept bare and pale",eden,13,4,push,kling,"slow push-in, flame and embers rising, subject locked, no other movement"
2,23,s09,connective,wonder,The boy asks the only question a child would ask. Can you go and look?,"{firsthome} close, a boy looking up with his mouth open on a question, bright sky light on his face, a weathered shoulder dark in the foreground",firsthome,15,2,settle,kb,
2,24,s09,connective,grief,"The old man laughs, and it is the saddest sound the boy will ever hear.","{firsthome} medium, {firstman} head tipped back laughing, sunlight full on his throat and beard, deep creases lit sharp, bright open sky behind",firsthome,15,2,settle,kling,"near-locked, slow settle, water and suspended particles drifting, subject locked, no other movement"
2,25,s10,hero,awe,"I have looked, he says. Something stands there that turns every way at once.","{eden} hero wide, a blazing sword of white fire turning end over end in the air before a shut gate, hard light thrown out across bare bright rock",eden,14,4,push,kling,"slow push-in, flame and embers rising, subject locked, no other movement"
2,26,s10,connective,grief,"I carry that garden in here, and I carry the door that shut behind me.","{firsthome} extreme close, {firstman} placing one flat hand against his own chest, bright daylight raking across the knuckles, the rest falling to shadow",firsthome,15,2,settle,kling,"near-locked, slow settle, subtle ambient drift only, subject locked, no other movement"
2,27,s11,hero,tension,"But listen, Adam says, because this is the part I need somebody to keep.","{firsthome} medium two-shot, an ancient man leaning in toward a boy, both faces lit hard by low sun, the whole background dropped dark",firsthome,14,4,settle,kb,
2,28,s11,connective,wonder,"It was said that from a woman, one day, one of us will come.","{youngearth} wide, a woman carrying a heavy water jar on her shoulder along a bright ridge path at dawn, the sun rising behind her, her figure rimmed in gold",youngearth,14,2,crane,kling,"slow crane up, water and suspended particles drifting, subject locked, no other movement"
2,29,s11,hero,awe,And he will crush the head of the serpent that talked us out of everything.,"{youngearth} hero low angle, an enormous serpent coiled across pale rock with a human heel raised above its skull, brilliant hard light, dust bright in the air",youngearth,15,4,push,kling,"slow push-in, dust and haze drifting, subject locked, no other movement"
2,30,s12,connective,grief,"I will not see him, the first man says. You will very likely not either.","{firsthome} close, {firstman} eyes looking directly out past the camera at something far off, bright clear light across his face, everything else dark",firsthome,15,2,settle,kb,
2,31,s12,connective,tension,But heaven does not forget what it promises. Somebody has to carry that.,"{firsthome} medium, an ancient hand gripping a boy's forearm firmly, sunlight full on both, the stone bright beneath them",firsthome,13,2,push,kb,
2,32,s12,connective,hush,Memory is the one thing death has never managed to take.,"{firsthome} extreme close, a boy's eyes taking something in and holding it, hard bright daylight across the iris, soft dark surround",firsthome,11,2,settle,kb,
2,33,s13,connective,awe,"Adam lived nine hundred and thirty years, and for two hundred and forty-three of them","{youngearth} vast wide, an immense sunlit land under a clear sky with an orchard in blossom on one slope and bare cut stubble on the next, one thin track between",youngearth,15,2,pull,kb,
2,34,s13,connective,awe,the oldest man on earth and the boy on the mountain breathed the same air.,"{highstone} extreme wide, a bare bright summit with a short line of pale stones and one distant dwelling far off on the plain below, hard clean daylight linking them",highstone,15,2,push,kb,
2,35,s14,connective,grief,Then the first man went back into the dust he was lifted out of.,"{firsthome} wide high angle, a fresh mound of turned dark earth beside the ancient stone dwelling, brilliant midday light, the flat rock empty now",firsthome,14,2,settle,kb,
2,36,s14,connective,grief,And with him went the last person alive who had seen the garden.,"{firsthome} close, the empty sunlit stone where an old man used to sit, hard light across the bare surface, a shallow worn hollow in it",firsthome,13,2,settle,kb,
2,37,s14,connective,tension,The village barely noticed. The hammers went on. The arguments went on.,"{village} wide bright day, men swinging hammers and arguing over a boundary line, ordinary work, high clean sunlight over all of it",village,12,2,push,kling,"slow push-in, subtle ambient drift only, subject locked, no other movement"
2,38,s15,hero,grief,"But Methuselah stood at that grave a very long time, and something settled in him.","{firsthome} hero wide from behind, a boy standing alone at a mound of turned earth in an empty bright landscape, low sun throwing his shadow long",firsthome,15,4,settle,kb,
2,39,s15,connective,tension,Somebody had to remember. Somebody had to be the one who did not put it down.,"{firsthome} close, a boy's face set hard with resolve, brilliant low light across him, the turned earth dark below the frame edge",firsthome,16,2,settle,kb,
2,40,s15,hero,menace,"Then he looked up, and there was smoke on the horizon that was not cooking smoke. <break time=""5.6s"" />","{youngearth} hero extreme wide, a boy small on a bright ridge looking toward a far horizon where several dark columns of smoke rise into a clear sky",youngearth,16,4,settle,kling,"near-locked, slow settle, dust and haze drifting, subject locked, no other movement"
3,1,s01,connective,tension,"It took him eleven days to walk toward the smoke, and he went alone.","{youngearth} extreme wide, a lone small figure walking a bright open plain under a hard clear sky, several black smoke columns far off on the horizon",youngearth,14,2,crane,kling,"slow crane up, dust and haze drifting, subject locked, no other movement"
3,2,s01,connective,tension,"He had never gone that far from the mountain, and he told nobody he was going.","{highstone} close from behind at dawn, a young man's hand resting once on a line of pale stones before he turns away, low gold light across the summit",highstone,16,2,push,kb,
3,3,s02,hero,wonder,The country changed. Trees thinned. Tracks became roads.,"{youngearth} wide low angle, a broad rutted dirt road cut through thinning scrub under harsh midday sun, deep wheel grooves bright with dust",youngearth,8,4,push,kling,"slow push-in, water and suspended particles drifting, subject locked, no other movement"
3,4,s02,connective,wonder,Roads. Nobody in his valley had ever needed a road.,"{youngearth} extreme close, a bare foot standing in a deep wheel rut, hard raking sunlight across the dried ridges of earth",youngearth,10,2,push,kling,"slow push-in, water and suspended particles drifting, subject locked, no other movement"
3,5,s03,connective,menace,"On the ninth day he began passing people, and none of them looked at him.","{youngearth} medium, strangers passing on a bright dusty road with their faces turned away, high clean sunlight, dust hanging gold in the air",youngearth,15,2,push,kb,
3,6,s03,connective,tension,"On the eleventh day he came over a rise, and there it was.","{youngearth} wide from behind, a single figure cresting a bare ridge with brilliant sky opening ahead of him, his shoulders rimmed in light",youngearth,13,2,push,kb,
3,7,s04,hero,awe,"A city. Cut stone walls, towers standing up out of the plain, going on and on.","{city} hero vast wide, an immense walled city of cut stone with towers and ramparts spreading across a sunlit plain, hard bright daylight, black smoke columns rising",city,16,4,crane,kling,"slow crane up, dust and haze drifting, subject locked, no other movement"
3,8,s04,connective,wonder,He had grown up in a place with eleven houses in it.,"{village} extreme wide, eleven small mud houses in a green valley under clear morning light, tiny and plain, one thread of pale smoke",village,12,2,push,kb,
3,9,s04,connective,awe,This held more people than he had believed were alive.,"{city} high angle, dense sunlit streets packed with hundreds of people moving between stone walls, bright light on the rooftops, deep shade in the lanes",city,10,2,push,kling,"slow push-in, water and suspended particles drifting, subject locked, no other movement"
3,10,s05,connective,tension,And it was loud. Even from the ridge he could hear it working.,"{city} medium wide, a massive stone gate with crowds pouring through it, brilliant afternoon sun on the lintel, the passage dark beyond",city,13,2,settle,kb,
3,11,s05,hero,menace,"A low continuous hammering, hundreds of strikes overlapping, never stopping.","{forge} hero close, a heavy hammer caught mid-strike on a glowing bar, brilliant sparks bursting out into hard light, the anvil bright beneath",forge,10,4,push,kling,"slow push-in, dust and haze drifting, subject locked, no other movement"
3,12,s05,connective,menace,"Smoke came off it in columns, and the columns were black, not grey.","{city} low angle, thick black smoke columns rising off rooftops into a clear bright blue sky, sunlight cutting sharp through the plumes",city,13,2,crane,kling,"slow crane up, dust and haze drifting, subject locked, no other movement"
3,13,s06,connective,hush,"He stood on that ridge until dark, and the city did not go dark.","{youngearth} wide, a small campfire on a dark ridge with a burning city spread across the plain far below, deep blue sky, orange light pooling",youngearth,14,2,settle,kling,"near-locked, slow settle, water and suspended particles drifting, subject locked, no other movement"
3,14,s06,connective,awe,"It burned. Points of orange light all over it, hammering on into the night.","{city} vast wide night, an entire city glowing with hundreds of orange furnace points under a deep indigo sky, brilliant firelight on the stone",city,14,2,pull,kling,"slow pull-back, water and suspended particles drifting, subject locked, no other movement"
3,15,s07,connective,tension,He asked a man on the road what the place was called.,"{youngearth} medium two-shot, two travellers stopped on a bright road at morning, hard sunlight on both faces, the city wall pale behind them",youngearth,12,2,push,kb,
3,16,s07,hero,menace,"It is called Enoch, the man said. And Methuselah did not answer for a while.","{city} hero close low angle, deep letters cut into a colossal sunlit gate stone, hard shadow inside every carved stroke, brilliant light across the face",city,15,4,settle,kb,
3,17,s08,connective,hush,Because his father was called Enoch. He had walked down from Enoch's fire to get here.,"{highstone} close, a small fire burning alone on a bare summit at night, warm light pooling on rock, the wide dark valley beyond",highstone,16,2,settle,kb,
3,18,s08,connective,tension,"Genesis says the first city was built by Cain, who named it for his son.","{city} wide, a colossal stone wall rising straight out of bare ground with brilliant morning sun raking along its full length",city,15,2,crane,kb,
3,19,s09,connective,menace,One Enoch feeding a fire. Another cut into stone.,"{city} extreme wide split composition, a lit fire on a distant dark ridge on one side and a blazing city on the plain on the other, bright horizon between them",city,9,2,settle,kb,
3,20,s09,connective,menace,Same name. Two worlds. And only one of them was growing.,"{city} high angle, sunlit new construction spreading outward across open ground, scaffolds and cut blocks, bright dust in the air",city,11,2,push,kling,"slow push-in, dust and haze drifting, subject locked, no other movement"
3,21,s10,connective,tension,"He went in, because he had walked eleven days and there was nothing else to do.","{city} medium from behind, one figure walking in through a crowded sunlit gate, brilliant light ahead of him, the crowd dark around his shoulders",city,16,2,settle,kb,
3,22,s10,hero,awe,"The heat hit first. Open sheds, furnaces roaring, men stripped to the waist.","{forge} hero wide, a long open shed with three roaring furnaces, brilliant white-orange light blasting from the mouths, men working stripped to the waist in the glare",forge,13,4,push,kb,
3,23,s11,connective,wonder,Broken rock going in one end. Something else entirely coming out the other.,"{forge} close, broken ore tipped from a basket into a furnace mouth, blinding light from inside, hard shadows thrown back across the floor",forge,13,2,push,kb,
3,24,s11,connective,awe,He watched a man pour liquid metal into a bed of sand.,"{forge} hero medium, a stream of white-hot liquid metal pouring into a sand mould, brilliant light flooding the whole frame, sparks arcing",forge,12,2,pull,kling,"slow pull-back, water and suspended particles drifting, subject locked, no other movement"
3,25,s11,connective,wonder,It set. They knocked the sand away. It came out gleaming and it held an edge.,"{forge} extreme close, a bright new bronze edge lifted clear of black sand, hard light running along the polished line of it",forge,16,2,push,kb,
3,26,s12,hero,menace,The old record names the man who taught them this. Tubal-Cain.,"{forge} medium low angle, a powerfully built master smith turning a glowing bar on the anvil with long tongs, brilliant firelight full on him, sparks crossing his forearms",forge,11,4,push,kling,"slow push-in, flame and embers rising, subject locked, no other movement"
3,27,s12,connective,tension,"An instructor, Genesis says. Bronze and iron.","{forge} wide, a master smith showing a technique to a half-circle of watching men, strong firelight on every face, the roof beams glowing above",forge,7,2,push,kling,"slow push-in, flame and embers rising, subject locked, no other movement"
3,28,s12,connective,menace,Not a smith. An instructor. Somebody with something to pass on.,"{forge} close two-shot, an older man guiding a younger man's hands on the hammer, warm bright forge light across both, the anvil gleaming",forge,11,2,push,kb,
3,29,s13,connective,tension,Methuselah watched a boy no older than nine grinding a bronze edge on a wheel.,"{forge} medium, a boy of nine holding a bronze edge to a spinning grindstone, brilliant sparks streaming, his face fully lit by them",forge,15,2,push,kling,"slow push-in, dust and haze drifting, subject locked, no other movement"
3,30,s13,hero,menace,"And standing there, he understood exactly what he was looking at.","{city} hero close, a young man's face lit hard by furnace light, eyes wide with understanding, the blazing shed bright behind him",city,11,4,push,kling,"slow push-in, flame and embers rising, subject locked, no other movement"
3,31,s14,connective,hush,"In his valley a tool broke ground, and it was made of stone.","{village} close, a stone hoe blade lying in dark turned earth, clean bright daylight across it, green growth at the frame edge",village,13,2,settle,kb,
3,32,s14,connective,menace,Here they had made a thing whose only purpose was the other kind of breaking.,"{forge} extreme close, a finished bronze blade lying flat on a workbench, hard raking light picking out the ground edge along its length",forge,15,2,push,kb,
3,33,s15,hero,menace,"A man took one off a rack, turned it over, tested the edge on his thumb.","{forge} hero medium, a man lifting a bronze blade off a wall rack and turning it in the light, brilliant reflection sliding along the metal",forge,16,4,crane,kling,"slow crane up, subtle ambient drift only, subject locked, no other movement"
3,34,s15,connective,tension,He was no soldier. Nobody was a soldier yet. He was a man who owned one.,"{forge} close, a thumb drawn carefully along a bright edge, hard light on the skin and the metal, the shed glowing behind",forge,16,2,push,kb,
3,35,s15,connective,menace,"And every other man in that shed owned one, and all of them knew it.","{forge} wide, a full rack of finished bronze blades along a shed wall, every one catching the firelight, men working in the bright space beyond",forge,15,2,push,kling,"slow push-in, flame and embers rising, subject locked, no other movement"
3,36,s16,connective,tension,Methuselah walked out and did not stop until the hammering faded behind him.,"{youngearth} wide from behind, a single figure walking away down a bright empty road with the smoking city small behind him, low gold light",youngearth,13,2,settle,kb,
3,37,s16,hero,hush,"On the road back he kept turning one thing over, and it would not settle.","{youngearth} hero extreme wide, a lone traveller crossing a vast sunlit plain at evening, immense sky, the horizon burning orange behind",youngearth,15,4,pull,kb,
3,38,s17,connective,tension,Nobody works out how to pull iron out of a rock alone.,"{youngearth} extreme close, a hand turning a lump of raw dark ore over in the light, bright daylight across the broken crystalline face",youngearth,12,2,settle,kb,
3,39,s17,connective,menace,Somebody sat down with them. Somebody showed them. Somebody wanted them to have it.,"{youngearth} medium, a fresh cart rut and a single bare footprint side by side in bright road dust, hard clean light, the road running away empty",youngearth,14,2,settle,kb,
3,40,s18,hero,tension,"And when he got home, his father was awake, and his father had been dreaming. <break time=""4.6s"" />","{highstone} hero medium, an older man sitting bolt upright beside a low fire in the dark, eyes wide open, firelight full on his face, deep blue night beyond",highstone,15,4,settle,kling,"near-locked, slow settle, water and suspended particles drifting, subject locked, no other movement"
4,1,s01,connective,tension,His father had been having the same dream for eleven years and had told nobody.,"{highstone} close, an older man lying awake on a mat beside a low fire, eyes open, warm firelight across one side of his face, deep blue night beyond",highstone,15,2,push,kling,"slow push-in, water and suspended particles drifting, subject locked, no other movement"
4,2,s01,connective,hush,Not his wife. Not his son. Nobody on the mountain.,"{highstone} medium wide, an untouched sleeping mat and a folded wool cloak on bare summit rock before dawn, cold blue light along the eastern ridge",highstone,10,2,push,kb,
4,3,s02,hero,tension,"That night, with the fire low, Methuselah asked him what he kept seeing.","{highstone} hero two-shot, a father and a grown son facing each other across a low bright fire at night, warm light full on both faces, black sky above",highstone,13,4,push,kb,
4,4,s02,connective,tension,"I was shown my father's time, Enoch said.","{highstone} extreme close, an older man's eyes wide and steady, firelight caught in them, everything around dropped to shadow",highstone,8,2,settle,kb,
4,5,s03,connective,hush,"Jared. Methuselah's grandfather, dead before the boy could remember his face.","{village} close, a worn wooden staff propped against a mud wall in clear morning light, hard shadow beside it, the yard bright beyond",village,11,2,settle,kb,
4,6,s03,connective,menace,"Something came down in his days, Enoch said, and the world has been paying since.","{youngearth} wide, an immense green valley under a hard bright sky with a herd moving slowly along the river far below, one thin plume of black smoke beyond",youngearth,15,2,crane,kling,"slow crane up, water and suspended particles drifting, subject locked, no other movement"
4,7,s04,connective,awe,"The Book of Enoch says there were two hundred of them, and it calls them the Watchers.","{hermon} hero vast wide, a colossal snow-capped mountain rising alone out of a bright landscape, brilliant clear daylight across the white summit",hermon,17,2,settle,kling,"near-locked, slow settle, dust and haze drifting, subject locked, no other movement"
4,8,s04,hero,awe,"Sons of heaven, the text says. Not messengers. Not visitors. Watchers.","{watchers} wide low angle, two hundred immense figures standing in ordered ranks on a bright snowfield, solid and heavy and massive, hard shadows beneath every one",watchers,11,4,push,kling,"slow push-in, fine wind-blown snow drifting, subject locked, no other movement"
4,9,s05,connective,wonder,They had been set over the world the way a man is set over a field.,"{youngearth} extreme wide high angle, an enormous sunlit world of rivers and forest seen from very high, one tiny farmer and his ox working a bright field in the near ground",youngearth,16,2,push,kb,
4,10,s05,connective,menace,And Enoch describes them looking down at the daughters of men and wanting them.,"{hermon} medium low angle, a line of colossal shapes standing along a bright ridge crest looking downward, hard sunlight on their shoulders, deep shadow below",hermon,14,2,settle,kling,"near-locked, slow settle, water and suspended particles drifting, subject locked, no other movement"
4,11,s06,hero,awe,"They came down, the text says, on a mountain. Hermon.","{hermon} hero vast wide, a vast snow summit under brilliant hard light with two hundred huge dark figures spread across it, the world bright and small beyond",hermon,10,4,settle,kling,"near-locked, slow settle, dust and haze drifting, subject locked, no other movement"
4,12,s06,connective,awe,"Enoch describes weight, and ground giving way.","{hermon} close, a colossal foot pressing into deep snow and cracking the crust wide open, brilliant white light, hard blue shadow inside the break",hermon,7,2,settle,kling,"near-locked, slow settle, water and suspended particles drifting, subject locked, no other movement"
4,13,s06,connective,awe,Two hundred figures standing on a snow line where nothing that size should stand.,"{watchers} extreme close, an enormous shoulder and jaw in hard bright sunlight, solid opaque skin, dense shadow in every crease, mass and weight",watchers,14,2,settle,kb,
4,14,s07,hero,awe,"The whole summit under them, and the whole world laid out below.","{hermon} hero extreme wide, the whole curve of a bright sunlit world beneath a snow summit, a shepherd and his flock tiny on a green slope far below",hermon,12,4,pull,kb,
4,15,s07,connective,menace,And the text says they knew exactly what they were doing.,"{watchers} medium low angle, a ring of huge figures standing close together on bright snow, brilliant daylight on them, their shadows overlapping on the ground",watchers,11,2,push,kling,"slow push-in, dust and haze drifting, subject locked, no other movement"
4,16,s08,connective,menace,"All two hundred swore an oath, so none could turn back.","{watchers} hero wide, two hundred massive figures with arms raised together on a blazing white snowfield, hard light, one enormous shadow pattern beneath them",watchers,11,2,settle,kling,"near-locked, slow settle, flame and embers rising, subject locked, no other movement"
4,17,s08,connective,tension,Enoch names their leader. Semjaza. And Semjaza was the one who was afraid.,"{watchers} close low angle, one immense figure standing forward of the rest against a brilliant sky, fully lit, solid and unmoving",watchers,13,2,push,kb,
4,18,s09,hero,tension,He told them he alone would carry the penalty if the rest changed their minds.,"{watchers} medium, one colossal figure turned back toward the ranks with a hand raised, hard bright light on the raised arm, the ranks lit behind",watchers,15,4,push,kb,
4,19,s09,connective,menace,"So they bound themselves together by a curse, and then they went down the mountain.","{hermon} wide, a long line of enormous figures descending a bright snow slope in single file, brilliant daylight, deep tracks cut behind them",hermon,15,2,push,kling,"slow push-in, water and suspended particles drifting, subject locked, no other movement"
4,20,s09,connective,menace,"Whatever a man can be talked into, they had already talked each other into.","{hermon} extreme close, an enormous set of tracks pressed into fresh snow leading down and out of frame, hard low sunlight raking across them",hermon,14,2,push,kb,
4,21,s10,connective,hush,Then comes the part Methuselah could not stop thinking about afterward.,"{highstone} close, a man's hands turning a lump of raw ore over and over beside a low fire, warm light on the knuckles, the rest falling to shadow",highstone,11,2,settle,kling,"near-locked, slow settle, flame and embers rising, subject locked, no other movement"
4,22,s10,hero,tension,Because they did not only take. The Book of Enoch says they taught.,"{watchers} hero medium, a colossal figure crouched down at a human scale before a small group of people, brilliant daylight full on the scene, dust bright in the air",watchers,13,4,push,kling,"slow push-in, dust and haze drifting, subject locked, no other movement"
4,23,s11,connective,menace,And the first thing on the list is the thing he had watched being poured into sand.,"{forge} close, a bright stream of molten metal running into a sand bed, brilliant white light flooding the frame, sparks bursting",forge,17,2,push,kling,"slow push-in, water and suspended particles drifting, subject locked, no other movement"
4,24,s11,connective,tension,"Enoch names Azazel, and says Azazel showed men the metals of the earth.","{watchers} medium low angle, one immense figure standing over an open pit in bright daylight, pointing down into broken ground, hard shadow in the cut",watchers,13,2,settle,kb,
4,25,s11,connective,tension,How to open the ground for them. How to melt them. How to give them a working edge.,"{forge} wide, men working an early open furnace on bare ground under hard bright sun, white glare from the fire mouth, smoke rising straight",forge,18,2,crane,kling,"slow crane up, flame and embers rising, subject locked, no other movement"
4,26,s12,hero,menace,"The text says he taught the making of swords, and knives, and shields, and armour.","{forge} hero wide, a long rack of finished blades and round shields standing in brilliant sunlight against a stone wall, hard light along every edge",forge,15,4,push,kb,
4,27,s12,connective,menace,Armour. Somebody taught them armour before anybody needed armour.,"{forge} extreme close, a shaped bronze breastplate lying on a bench, brilliant raking light across the hammered surface, hard shadows in the beaten hollows",forge,9,2,push,kb,
4,28,s12,connective,menace,Which means whoever taught it already knew what men were going to do with the rest.,"{city} medium low angle, ranks of armoured men standing in a sunlit stone square, bright light on the metal, long shadows across the paving",city,16,2,push,kb,
4,29,s13,connective,tension,Methuselah had stood eleven days from home watching a boy of nine grind an edge.,"{forge} medium, a boy of nine at a spinning grindstone with sparks streaming past his face, brilliant light on him, the shed glowing behind",forge,15,2,push,kling,"slow push-in, dust and haze drifting, subject locked, no other movement"
4,30,s13,hero,menace,And now he knew where the boy's grandfather had learned it.,"{highstone} hero close, a grown man's face lit hard by a low fire, eyes open in recognition, the night sky bright with stars behind",highstone,11,4,push,kb,
4,31,s14,connective,tension,"The list goes on, and the text is specific about it.","{watchers} wide, a huge figure seated on a hillside in bright daylight with people gathered close around its feet, clean hard light on everyone",watchers,11,2,push,kb,
4,32,s14,connective,menace,One taught the cutting of roots. One taught the loosing of spells.,"{youngearth} close, dark roots pulled from bright turned earth and laid out in a row, hard daylight across them, soil bright at the edges",youngearth,12,2,settle,kb,
4,33,s14,connective,menace,"One taught the reading of the clouds, and one the signs of the sun.","{youngearth} medium, marks cut into a flat pale stone slab in hard sunlight, deep shadow inside every stroke, a hand withdrawing from frame",youngearth,14,2,settle,kling,"near-locked, slow settle, water and suspended particles drifting, subject locked, no other movement"
4,34,s15,connective,tension,"One taught the reading of the moon, and one what the stars were supposed to mean.","{youngearth} low angle, a bright daylight sky with sun and thin cloud, a group of small figures on a ridge below with their heads tilted back",youngearth,16,2,push,kling,"slow push-in, dust and haze drifting, subject locked, no other movement"
4,35,s15,hero,menace,Every secret of heaven handed down as a gift — and every gift arriving as a chain.,"{youngearth} hero wide night, a brilliant star-thick sky over a bright moonlit plain, a ring of small figures below tracing shapes in the air",youngearth,16,4,push,kb,
4,36,s16,connective,tension,Enoch says the earth itself brought a complaint against them.,"{youngearth} extreme close, cracked dry ground in hard bright light with a single thin fissure running away toward a lit horizon",youngearth,10,2,push,kb,
4,37,s16,connective,menace,"But the metal was not the worst of it, and the charms were not the worst of it.","{city} close, a bronze charm on a leather cord turning slowly in a bright doorway, hard sunlight sliding along the metal, the street busy beyond",city,18,2,push,kb,
4,38,s17,connective,menace,Because Genesis says plainly that they went in to the daughters of men.,"{village} wide, an empty sunlit settlement with open doorways and abandoned tools on the ground, hard clean daylight over all of it",village,13,2,settle,kb,
4,39,s17,connective,tension,And Genesis says plainly that the daughters of men bore them children.,"{village} medium, a group of women standing together in a bright doorway looking outward, faces fully lit, the room dark behind them",village,12,2,settle,kb,
4,40,s18,hero,awe,"Out on the horizon, weeks later, Methuselah saw something walking that was too tall. <break time=""3.8s"" />","{youngearth} hero extreme wide, a bright open plain at evening with one enormous distant silhouette moving along the horizon line, small figures fleeing in the foreground",youngearth,14,4,push,kling,"slow push-in, subtle ambient drift only, subject locked, no other movement"
5,1,s01,connective,tension,"At first he thought it was a tree line moving, and stood still.","{youngearth} extreme wide, a bright open plain at midday with a distant dark ridge line, hard clean sunlight, a flock of birds bursting up off the grass in the near ground",youngearth,13,2,settle,kb,
5,2,s01,connective,tension,"Trees do not move. He kept watching, because the alternative made no sense.","{youngearth} close, a young man's face turned toward the horizon with his eyes narrowed against hard bright daylight, the plain pale behind him",youngearth,13,2,push,kb,
5,3,s02,hero,awe,"It was two of them, walking the ridge at the far edge of the plain.","{nephilim} hero extreme wide, two colossal figures walking along a sunlit ridge crest, brilliant hard daylight full on them, the whole landscape tiny beneath",nephilim,15,4,pull,kling,"slow pull-back, subtle ambient drift only, subject locked, no other movement"
5,4,s02,connective,awe,"And he could see them from a day's walk away, which told him everything.","{youngearth} extreme wide split scale, a lone traveller on a bright plain in the foreground and two enormous walking shapes far off on the horizon, clean high light",youngearth,14,2,push,kb,
5,5,s03,connective,wonder,Genesis does not hedge about this. There were giants in the earth in those days.,"{village} medium, a doorway lintel cut and re-cut higher, fresh pale timber set above old grey, hard bright daylight raking across the join",village,15,2,push,kb,
5,6,s03,connective,menace,"Mighty men, it says. Men of renown. And it says they came of that mingling.","{city} wide, a sunlit stone square with people going about ordinary business, clear bright daylight, one long shadow falling across the paving from beyond frame",city,15,2,settle,kb,
5,7,s04,connective,hush,The Book of Enoch is less careful with the reader than Genesis is.,"{highstone} close, an older man's hands flat on a pale flat stone in hard morning light, deep shadow in the carved marks",highstone,13,2,settle,kb,
5,8,s04,hero,awe,It gives them a height. It says the ground could not carry what it was given.,"{nephilim} hero low angle, one colossal figure standing upright against a brilliant blue sky, solid and heavy with hard shadow beneath, small human roofs at its feet",nephilim,16,4,settle,kb,
5,9,s05,connective,awe,Methuselah watched one cross a river without slowing or looking for a ford.,"{nephilim} wide, an enormous figure wading a broad sunlit river with the water breaking white at its knee, brilliant daylight, spray bright in the air",nephilim,13,2,push,kb,
5,10,s05,connective,tension,The water came to its knee. Men had drowned in that river the previous spring.,"{youngearth} close, bright river water running fast over pale stones, hard sunlight breaking on the surface, a wooden pole jammed in the shallows",youngearth,15,2,push,kb,
5,11,s06,hero,menace,"They walked the way weather walks, with no hurry and no interest in you.","{nephilim} hero extreme wide, two immense figures crossing a bright green plain at an unhurried pace, hard clean daylight, a village small and lit in the middle distance",nephilim,14,4,push,kb,
5,12,s06,connective,menace,Dust went up behind them in a line you could follow from the mountain.,"{nephilim} wide low angle, a long line of dust rising behind two colossal walking figures under a brilliant sky, sunlight cutting through the trail",nephilim,14,2,crane,kb,
5,13,s07,connective,tension,"And where they stopped, the ground stayed pressed down after they had gone.","{youngearth} high angle, an enormous pressed depression in bright grassland with the grass crushed flat, hard low sunlight raking across the hollow",youngearth,13,2,push,kb,
5,14,s07,hero,awe,He measured one of those prints with his own body and told nobody.,"{youngearth} hero high angle, a grown man lying full length inside a single enormous footprint in bright earth, brilliant daylight, his body small in the shape",youngearth,13,4,push,kb,
5,15,s08,connective,hush,"What they took first, the text says, was the work of men's hands.","{village} wide, a settlement of grain stores and pens under clear hard morning light, ordinary and orderly, smoke rising straight from one roof",village,13,2,settle,kb,
5,16,s08,connective,wonder,A granary is a year. Four hundred people put a year into a granary.,"{village} close, hands pouring bright golden grain into a wide clay pit, hard sunlight across the stream of it",village,14,2,push,kb,
5,17,s09,connective,menace,"Enoch says they emptied them, and the emptying took part of an afternoon.","{village} medium, a row of tall grain stores standing open and hollow in hard bright daylight, deep shadow inside every mouth",village,13,2,settle,kb,
5,18,s09,hero,menace,Methuselah walked a village three days after and the doors all stood open.,"{village} hero wide, an empty sunlit settlement with every door standing open, brilliant clean daylight, tools left lying on bare ground",village,13,4,settle,kb,
5,19,s10,connective,grief,The grain pits were scraped to the clay. The pens were unlatched and empty.,"{village} extreme close, a grain pit scraped bare to the pale clay, hard light across the empty floor, one husk left in the corner",village,14,2,settle,kb,
5,20,s10,connective,grief,Somebody had swept the floor of one house very carefully before leaving it.,"{village} medium interior, a swept earth floor in an empty room with bright daylight falling through the open doorway, broom marks still visible in the dust",village,13,2,settle,kb,
5,21,s11,connective,grief,That was the detail that stayed with him. Somebody had swept.,"{village} extreme close, careful sweep lines pressed into a packed earth floor, hard raking daylight picking out every ridge",village,11,2,settle,kb,
5,22,s11,hero,grief,A man does that when he thinks he is coming back.,"{village} hero close, a wooden door standing open on its post in bright sunlight, the room beyond dark and bare",village,11,4,settle,kb,
5,23,s12,connective,tension,And then the text says a thing it does not soften at all.,"{highstone} close, an older man's hand pressed flat over a page of marks on stretched hide, hard lamplight across it, deep shadow at the edges",highstone,13,2,settle,kb,
5,24,s12,connective,menace,"When the harvest was gone, Enoch writes, they consumed the men.","{youngearth} extreme wide, a bright empty valley under a hard clear sky, entirely still, long shadows across the grass",youngearth,11,2,settle,kb,
5,25,s13,connective,grief,"Methuselah never wrote down what he found in the third valley, and neither will we.","{youngearth} wide, a sunlit valley head scattered with overturned baskets and one small woven sandal on bright grass, hard clean daylight, entirely still",youngearth,15,2,settle,kb,
5,26,s13,hero,hush,He came home four days early. He fed the fire. He laid the stone.,"{highstone} hero medium, a man kneeling to lay one pale stone at the end of a long line of them, low gold evening light, the fire burning bright beside him",highstone,14,4,push,kb,
5,27,s14,connective,hush,He did not go up to that country again for sixty years.,"{highstone} extreme close, a hand pressing a flat stone into place among many others, hard warm light across the whole row",highstone,12,2,pull,kb,
5,28,s14,connective,menace,"The text says they turned on the beasts, and the birds, and the fish.","{youngearth} wide, an empty sunlit grassland with picked bones of cattle scattered pale across it, hard clean daylight, birds gone from the sky",youngearth,14,2,settle,kb,
5,29,s15,connective,menace,"And that when everything else was finished, they turned on each other.","{nephilim} extreme wide, two colossal figures facing each other across a bright plain at a great distance, hard daylight, dust rising between them",nephilim,12,2,crane,kb,
5,30,s15,hero,menace,Whatever was made in that mingling had been made without any bottom to it.,"{nephilim} hero close low angle, an enormous face and shoulder in brilliant hard sunlight, solid opaque and massive, flat and incurious, deep shadow beneath the brow",nephilim,14,4,settle,kb,
5,31,s16,connective,tension,The city built higher walls and armed everybody.,"{city} wide, a colossal stone wall being built higher with scaffolds and cranes under brilliant sunlight, hundreds of workers small along its length",city,8,2,push,kb,
5,32,s16,connective,menace,"Bronze, against something that stepped over the wall it stood on.","{city} medium low angle, ranks of armoured men drawn up in a bright sunlit square, hard light on the bronze, one immense shadow falling across them all",city,11,2,settle,kb,
5,33,s17,connective,awe,Enoch says the earth spoke. Not the people. The ground.,"{youngearth} extreme close, a deep fissure opening across bright dry ground, hard sunlight down into the crack, pale dust at its lip",youngearth,10,2,push,kb,
5,34,s17,connective,awe,That the ground laid a charge against the men and against what was done to it.,"{youngearth} wide low angle, cracked pale earth running away toward a brilliant lit horizon, immense sky, the ground split in long parallel lines",youngearth,16,2,push,kb,
5,35,s18,connective,awe,A world does not usually have to complain about its own condition.,"{youngearth} extreme wide high angle, an enormous sunlit landscape seen from very high, rivers and plains bright and clear, one dark scar across it",youngearth,12,2,settle,kb,
5,36,s18,hero,hush,"And Methuselah, feeding a fire on a mountain, was one man with a count of stones.","{highstone} hero wide from above, a lone figure crouched at a fire with the long stone line running away from him toward a bright ridge edge, last gold light",highstone,16,4,pull,kb,
5,37,s19,connective,tension,He asked the only question left. Does anyone up there see?,"{highstone} medium two-shot, a grown son turned toward his father across a low fire at night, warm firelight on both faces, black sky above",highstone,11,2,push,kb,
5,38,s19,connective,tension,"Enoch did not answer, because Enoch had stopped sleeping altogether by then.","{highstone} close, a cold untouched bowl of food beside a burnt-down fire at night, warm last embers, an empty sleeping mat behind it",highstone,12,2,settle,kb,
5,39,s20,connective,awe,"Something had begun speaking to his father, and it was no longer using dreams.","{highstone} extreme close, an older man's open eyes reflecting a light that is brighter than the fire in front of him",highstone,14,2,push,kb,
5,40,s20,hero,awe,"Three nights later, the fire on the mountain bent sideways with no wind behind it. <break time=""3.5s"" />","{highstone} hero medium, a small fire on a bare summit bending hard sideways with the still night air around it, brilliant flame light on the rock",highstone,15,4,settle,kb,
6,1,s01,connective,tension,"After that his father changed, and the change ran the wrong way.","{village} medium, a bowl of food untouched under a cloth on a bright windowsill, hard clean morning light, the yard busy and blurred beyond",village,12,2,push,kb,
6,2,s01,connective,hush,"As the world got louder, Enoch got quieter. He argued with nobody.","{city} wide, a crowded sunlit street with one still figure standing in the middle of the movement, brilliant daylight, everyone else in motion around him",city,12,2,settle,kb,
6,3,s02,connective,wonder,"He walked lightly, the way a man walks on ground that has stopped holding him.","{youngearth} wide low angle, an older man walking a bright ridge path with an easy unhurried stride, hard clean daylight, immense sky behind him",youngearth,15,2,push,kb,
6,4,s02,hero,tension,He would stop in the middle of a path like someone hearing a step behind him.,"{youngearth} hero medium, an older man stopped dead on a sunlit path with his head turned slightly, listening, brilliant light across his face, the track empty behind",youngearth,16,4,settle,kb,
6,5,s03,connective,hush,And he began going out for days at a time without telling anybody.,"{village} close, an empty sleeping mat and a folded wool cloak in a room lit by bright daylight from the doorway",village,13,2,settle,kb,
6,6,s03,connective,hush,"Genesis gives him three hundred and sixty-five years, which is nothing in that list.","{highstone} extreme close, a short gap of bare rock at the end of a row of pale stones, hard morning light, the last stone weathered smooth",highstone,14,2,pull,kb,
6,7,s03,connective,wonder,Every other name in that chapter runs to eight or nine hundred. His stops early.,"{highstone} high angle, a very long row of stones curving over bare bright rock, brilliant daylight, one short gap at the near end",highstone,15,2,pull,kb,
6,8,s04,connective,tension,"One morning he went down to the city, and Methuselah went after him.","{city} wide, two figures walking in through a colossal sunlit gate at morning, hard bright light on the stone, the crowd dense around them",city,13,2,push,kb,
6,9,s04,hero,tension,His father climbed onto a stone in a crowded market and started speaking.,"{city} hero low angle, an older man standing up on a market stone above a packed sunlit square, brilliant daylight full on him, hundreds of faces below",city,13,4,crane,kb,
6,10,s05,connective,tension,"Jude quotes him in the New Testament. Behold, the Lord comes.","{city} medium, an older man speaking with one arm raised over a bright market crowd, hard sunlight on the raised hand, awnings glowing above",city,11,2,push,kb,
6,11,s05,hero,awe,"He comes with ten thousands of his holy ones, Enoch said, to execute judgment on all.","{youngearth} hero extreme wide, an immense bright sky over a sunlit plain with an enormous host of small distant figures ranked along the horizon",youngearth,16,4,pull,kb,
6,12,s06,connective,menace,A man in the crowd asked him where this god of his had been hiding.,"{city} close, a man in a crowd shouting back with his mouth open and his hands cupped, hard bright daylight across his face",city,15,2,push,kb,
6,13,s06,connective,menace,Another told him to do some work instead of frightening the children.,"{city} medium, two traders laughing together beside a sunlit stall, bright clean light, their backs half turned away",city,12,2,push,kb,
6,14,s06,connective,tension,"I am not selling fear, Enoch said. I am telling you there is a limit.","{city} close, an older man's face fully lit and steady mid-sentence, brilliant daylight, the crowd bright and blurred behind",city,15,2,push,kb,
6,15,s07,connective,grief,Nobody hit him. Nobody threw anything. That was somehow worse than if they had.,"{city} wide high angle, a market square back at full trade with a fruit seller re-stacking his pile, hard sunlight over all of it, one small empty space at the centre",city,14,2,settle,kb,
6,16,s07,connective,menace,"They went back to what they were doing, laughing quietly, and let him talk.","{city} medium, groups of people turning back to their stalls and their goods in bright daylight, nobody looking toward frame left",city,14,2,push,kb,
6,17,s08,hero,grief,"And Methuselah, watching from the edge of that square, understood something.","{city} hero close, a grown man at the edge of a sunlit square watching, brilliant light on one side of his face, deep shade of an archway behind",city,11,4,settle,kb,
6,18,s08,connective,grief,The distance between heaven and men was never heaven being absent.,"{city} extreme wide high angle, an entire sunlit city seen from above with one tiny raised figure at its centre, brilliant clear daylight",city,11,2,settle,kb,
6,19,s08,connective,grief,"It was this. A man on a stone, and four hundred people not hearing him.","{city} medium low angle, hundreds of sunlit backs and shoulders turned away in a crowded square, hard bright light, one gap of empty stone",city,15,2,settle,kb,
6,20,s09,connective,wonder,A few weeks later Methuselah followed his father out and found the cave.,"{youngearth} wide, a bare hillside in hard afternoon light with one narrow dark opening low in the rock, bright scrub around it",youngearth,13,2,settle,kb,
6,21,s09,hero,wonder,"Enoch was inside, bent over stretched hides.","{cave} hero medium, an older man bent over stretched hides by the light of a single blazing oil lamp, warm light pooling on his hands, rock dark beyond",cave,7,4,settle,kb,
6,22,s10,connective,awe,Rows of them. Stacks of hides. Years of work in a hole in a hill.,"{cave} wide, stacks and stacks of marked hides filling a low rock chamber, one lamp burning bright at the centre, deep shadow in the corners",cave,15,2,settle,kb,
6,23,s10,connective,tension,"What is this, his son asked him. And his father did not look up.","{cave} close two-shot, a younger man crouched in a lit opening looking in at his father, bright daylight from the entrance, lamp glow on the far side",cave,14,2,push,kb,
6,24,s11,connective,hush,I am writing what I was shown.,"{cave} extreme close, a hand drawing a careful mark onto stretched hide, hard lamplight across the surface, the strokes sharp and dark",cave,7,2,settle,kb,
6,25,s11,connective,wonder,"For whom, Methuselah said. Nobody here can read.","{cave} medium, a younger man holding up a marked hide toward the lamp, warm bright light through the skin of it, his face lit from below",cave,8,2,push,kb,
6,26,s12,hero,awe,"For somebody who is not born yet, Enoch said, in a world that has been washed.","{cave} hero close, an older man's face lit hard by one lamp, eyes steady and clear, the rock chamber falling away black behind him",cave,16,4,push,kb,
6,27,s12,connective,hush,Somebody will need to know that this one was warned.,"{cave} extreme close, a stack of hides bound with cord and set aside on a rock ledge, warm lamplight across the top sheet",cave,10,2,push,kb,
6,28,s12,connective,awe,And Methuselah understood his father was not only walking with God. He worked for him.,"{cave} wide, a father and son sitting together in a lamplit rock chamber surrounded by years of stacked work, warm bright light at the centre",cave,15,2,push,kb,
6,29,s13,connective,hush,"The last conversation happened on the hill of stones, and it was short.","{highstone} wide, two men standing together beside a long line of stones on a bright summit, hard clean morning light, the valley lit far below",highstone,13,2,push,kb,
6,30,s13,hero,grief,"Keep walking, his father said, even when there is nobody left walking beside you.","{highstone} hero medium two-shot, an older man with his hand on a grown son's shoulder in brilliant morning light, both faces fully lit, immense sky behind",highstone,14,4,settle,kb,
6,31,s14,connective,grief,Teach your son not to sell himself for a piece of ground.,"{highstone} close, an older man's hand gripping a shoulder firmly, hard bright light across the knuckles and the wool",highstone,12,2,settle,kb,
6,32,s14,connective,tension,"And remind them, all of them, that time is given to a man. Never taken.","{highstone} close, a grown man's face listening hard in brilliant daylight, eyes fixed off frame, the bright ridge behind him",highstone,15,2,push,kb,
6,33,s15,connective,hush,Then one evening Enoch went out and simply did not come back.,"{highstone} wide, an empty bare summit at dusk with a low fire burning alone and the long stone line beside it, deep blue sky, brilliant flame light",highstone,12,2,settle,kb,
6,34,s15,connective,tension,"Methuselah took a torch up at dark, calling him quietly, like a man embarrassed.","{highstone} wide, a man climbing a dark slope with a burning torch held high, brilliant flame light on the rock, deep night above",highstone,14,2,settle,kb,
6,35,s16,connective,awe,"And near the top, he stopped, because the summit was already lit.","{highstone} medium from behind, a climbing figure stopped on a dark path with brilliant white light spilling down over the ridge ahead of him",highstone,12,2,settle,kb,
6,36,s16,hero,awe,A column of light stood on the high stone.,"{lightcolumn} hero wide, a colossal shaft of brilliant white-gold light standing on a bare summit and rising into a clear night sky, the rock blazing beneath it",lightcolumn,9,4,crane,kling,"slow crane up, flame and embers rising, subject locked, no other movement"
6,37,s17,hero,awe,"His father was standing inside it, and his father was not afraid of it.","{lightcolumn} hero medium, a man standing upright inside a column of brilliant light with his face lifted and fully lit, calm and unafraid",lightcolumn,14,4,crane,kb,
6,38,s17,connective,tension,Methuselah ran. He fell twice. He got to the top and the light was gone.,"{highstone} wide, a torch dropped and burning on bare rock with a man scrambling up past it, brilliant flame light, the summit dark above",highstone,15,2,settle,kb,
6,39,s18,connective,hush,"And Genesis puts it in six words. He was not, for God took him.","{highstone} extreme close, bare swept summit rock in hard cold moonlight, empty, one worn hollow where a fire ring sat",highstone,14,2,settle,kb,
6,40,s18,hero,awe,"There was no body. There were footprints, and the footprints stopped where nothing stops. <break time=""3.8s"" />","{highstone} hero high angle, two lines of bare footprints pressed into pale dust ending abruptly on open rock, hard bright moonlight, nothing beyond them",highstone,14,4,push,kling,"slow push-in, dust and haze drifting, subject locked, no other movement"
7,1,s01,connective,hush,"Long before any of that, when Methuselah was a hundred and eighty-seven years old,","{highstone} extreme close, a short section of the pale stone line on bare summit rock, hard morning light, deep shadow beside every stone",highstone,14,2,settle,kb,
7,2,s01,connective,wonder,"he had a son, and Genesis gives the name in one line without comment.","{hut} medium, a woman holding a newborn in a bright doorway with clear morning light falling across them both, the room dark behind",hut,14,2,settle,kb,
7,3,s02,connective,hush,He called the boy Lamech. It was a good name then. It meant nothing in particular.,"{highstone} close, a man's hand laying one flat stone at the end of a row, brilliant low sunlight across the whole line",highstone,16,2,pull,kb,
7,4,s02,hero,wonder,"Lamech grew up on the mountain, carried the wood, learned the count, and was decent.","{highstone} hero wide, a grown young man carrying a heavy load of wood up a bare sunlit slope, hard clean daylight, the summit bright above him",highstone,15,4,push,kb,
7,5,s03,connective,grief,He was a hundred and thirteen the night his grandfather walked into the light.,"{highstone} medium, a young man's hands splicing a frayed rope on a bright summit, sunlight full on the fibres, the sky wide and open above",highstone,14,2,settle,kb,
7,6,s03,connective,hush,"So that is the household. A fire, a line of stones, a son Lamech.","{highstone} wide, an old man and a grown son working together beside a small fire and a long stone line, warm evening light on both",highstone,14,2,push,kb,
7,7,s04,connective,tension,"Hold on to that name, because the world had another, and Genesis names him too.","{village} close, two names cut side by side into a flat pale stone in hard raking daylight, deep shadow inside the strokes",village,15,2,settle,kb,
7,8,s04,connective,menace,"Cain's line runs six deep, undated. It ends on a man.","{city} extreme wide high angle, an immense sunlit city of cut stone spreading across a plain, brilliant clear daylight, black rooftops sharp",city,11,2,push,kb,
7,9,s05,hero,menace,He also was called Lamech. He lived in the city. Genesis records what he said.,"{city} hero medium low angle, a heavy powerful man standing in a bright stone doorway with his arms loose at his sides, hard sunlight full on him",city,15,4,push,kb,
7,10,s05,connective,tension,"He had two wives, which the text mentions plainly, and nobody before him had.","{city} wide, a large sunlit courtyard house with two separate doorways, brilliant daylight on the stone, deep shade under the lintels",city,14,2,push,kb,
7,11,s06,connective,tension,Adah and Zillah. And one evening he called them both out in front of everybody.,"{city} medium, two women standing together in a bright courtyard looking toward frame left, faces fully lit, the walls glowing behind them",city,15,2,push,kb,
7,12,s06,hero,menace,"Hear my voice, he said. You wives of Lamech, listen to what I am telling you.","{city} hero medium, a heavy man planted at the centre of a bright courtyard with his household drawn up in a ring around him, hard sunlight, every face turned inward",city,16,4,push,kb,
7,13,s07,connective,menace,I killed a man for wounding me. A boy for hurting me.,"{city} close, a heavy man's face mid-sentence in hard bright sunlight, jaw set, eyes flat and satisfied, the crowd bright behind",city,12,2,push,kb,
7,14,s07,connective,menace,"If Cain is avenged seven times, then Lamech will be avenged seventy-seven.","{city} medium, a man holding up seven fingers on one hand toward a sunlit crowd, hard light on the raised hand, the square blazing",city,12,2,push,kb,
7,15,s08,connective,tension,"That is it. That is the whole speech, and Genesis keeps every word.","{city} extreme close, a bright stone step worn smooth at the centre, hard sunlight across it, one pair of sandals planted square",city,13,2,push,kb,
7,16,s08,hero,tension,Read it again and notice what is missing. There is no defence in it.,"{city} hero wide high angle, a crowded sunlit square with one raised figure at the centre, brilliant daylight, every face turned inward",city,14,4,push,kb,
7,17,s09,connective,menace,He is not explaining himself. He is not asking anybody to understand.,"{city} close, a man's open hands turned outward in a shrug in hard bright daylight, the crowd lit and blurred behind",city,12,2,push,kb,
7,18,s09,connective,menace,He killed a boy for an injury and told his wives to be impressed.,"{city} medium, two women's hands gripping the edge of a bright stone table, the knuckles pale, hard sunlight across the worn wood",city,14,2,push,kb,
7,19,s10,hero,tension,"And Methuselah, at the back of that square, watched the crowd instead.","{city} hero close, an old man at the back of a bright square watching the crowd rather than the speaker, hard light on one side of his face",city,12,4,push,kb,
7,20,s10,connective,menace,Because the crowd is the part nobody remembers about this story.,"{city} wide low angle, a mass of sunlit faces packed together and all looking one way, brilliant daylight, mouths open",city,11,2,push,kb,
7,21,s11,connective,menace,They liked it. Some of them laughed. A few repeated the good line.,"{city} medium, men in a bright square laughing with their heads back, hard clean sunlight, hands on each other's shoulders",city,13,2,push,kb,
7,22,s11,connective,tension,"Genesis has it in verse, which means somebody made a shape out of it deliberately.","{city} close, marks cut in ordered lines into a pale sunlit stone tablet, hard shadow in every stroke, a hand resting at the edge",city,15,2,settle,kb,
7,23,s12,hero,wonder,And the man who invented the instruments there was this Lamech's own son.,"{city} hero medium, a young man in a bright sunlit doorway holding a stringed instrument of wood and gut, hard light across the frame of it",city,13,4,push,kb,
7,24,s12,connective,wonder,"Jubal, the text says. Father of everyone who plays the harp and the pipe.","{city} close, hands on the strings of a wooden harp in bright daylight, warm light along the polished wood",city,14,2,push,kb,
7,25,s13,connective,menace,So it is not impossible the thing was sung. That people knew the tune.,"{city} wide, a sunlit street with people walking and several of them singing, bright clean daylight, awnings glowing overhead",city,14,2,pull,kb,
7,26,s13,connective,menace,"A song about killing a boy over a scratch, with a line you could join in on.","{city} medium, a group of children in a bright alley clapping a rhythm together, hard sunlight on them, the walls lit warm",city,17,2,push,kb,
7,27,s14,hero,menace,That is what a world sounds like on the way down. Not screaming. Singing.,"{city} hero extreme wide high angle, an entire sunlit city at ordinary business, brilliant clear daylight, orderly and prosperous and full",city,14,4,push,kb,
7,28,s14,connective,tension,The other son of that house Methuselah had already met.,"{forge} wide, a long open metalworking shed under hard bright daylight, racks of finished blades along the wall, the furnaces glowing",forge,10,2,push,kb,
7,29,s15,connective,menace,"Tubal-Cain. The instructor in bronze and iron. The blades, the shields, the armour.","{forge} medium low angle, a master smith's scarred forearm laid along a rack of finished blades, brilliant firelight on the metal and the skin",forge,13,2,push,kb,
7,30,s15,hero,menace,"One household. A father boasting about the killing, a son supplying the means.","{city} hero medium split composition, a heavy man on a bright step on one side and a master smith at a glowing forge on the other, hard light on both",city,13,4,push,kb,
7,31,s16,connective,tension,"The boy at the grindstone worked for a family, and that was the family.","{forge} close, a boy of nine at a grindstone in bright light, his face lit hard, the shed blazing behind him",forge,14,2,push,kb,
7,32,s16,connective,grief,Methuselah walked out of that square and he was not afraid. He was cold.,"{city} wide from behind, an old man walking out through a colossal sunlit gate with the square bright behind him, his shoulders square",city,14,2,settle,kb,
7,33,s17,connective,grief,Because Cain at least had run. Cain at least had put a hand over his face.,"{youngearth} extreme wide, an empty bright plain with one standing stone marking a place, hard clean daylight, long shadows across the grass",youngearth,16,2,settle,kb,
7,34,s17,connective,menace,This man made it a verse and taught his wives.,"{city} close, two women repeating words with their faces fully lit in hard sunlight, the bright wall behind them",city,10,2,push,kb,
7,35,s18,hero,awe,"Six generations. From hiding it, to performing it.","{city} hero extreme wide, an immense sunlit city with six terraces of building rising one above another, brilliant daylight across all of them",city,8,4,crane,kb,
7,36,s18,connective,hush,And somewhere on the long walk home the other thing landed on him.,"{youngearth} wide, a single figure walking a long bright road at evening, immense sky, the horizon burning gold behind him",youngearth,13,2,push,kb,
7,37,s19,connective,hush,"His son. His own decent son, up on that mountain, feeding that fire.","{highstone} medium, a grown man alone feeding a small fire on a bare summit at dusk, warm firelight on his hands, deep blue sky",highstone,13,2,settle,kb,
7,38,s19,connective,grief,Carrying the same name as the man who had just sung about a dead boy.,"{highstone} close, an older man's face lit hard by a low fire, eyes open and fixed, the night black behind him",highstone,15,2,settle,kb,
7,39,s20,connective,grief,He had given the boy that name himself.,"{hut} extreme close, a hand resting flat on a swaddling cloth in warm lamplight, the weave lit sharp, the room dark beyond",hut,8,2,settle,kb,
7,40,s20,hero,awe,"And after that, Methuselah stopped counting years and started counting generations. <break time=""1.9s"" />","{highstone} hero high angle, a very long line of pale stones running the whole width of a bright summit, hard morning light, sharp shadows beside each one",highstone,11,4,pull,kb,
8,1,s01,connective,hush,"The morning after, he went up and fed the fire, and there was nobody to do it with.","{highstone} close, {elder}, close on his hands laying wood on a low fire at dawn, warm light on the fingers, the summit rock cold blue around them",highstone,18,2,push,kb,
8,2,s01,connective,hush,That was the whole change. One man doing what two men had done.,"{highstone} wide, {elder} alone on a bare summit at sunrise, hard gold light along the ridge, the fire small beside him",highstone,13,2,settle,kb,
8,3,s02,connective,grief,"He was three hundred years old that year, and Genesis lets you work it out.","{stonefield} high angle, three long rows of pale flat stones laid across bare summit rock, brilliant morning light, sharp shadows beside every one",stonefield,15,2,settle,kb,
8,4,s02,hero,awe,Three hundred stones. He could stand at one end and not see the other clearly.,"{stonefield} hero extreme wide low angle, hundreds of pale stones running away across a bright summit toward a distant end, hard clean daylight",stonefield,15,4,push,kb,
8,5,s03,connective,grief,By then he had already buried more people than his village had ever held at once.,"{village} wide, a small sunlit settlement with a row of turned earth mounds on the slope above it, hard clean daylight over both",village,16,2,settle,kb,
8,6,s03,connective,grief,He had buried friends. Then he had buried the children of those friends.,"{village} medium, {elder}, his hands pressing turf back down onto a fresh mound, bright morning light on the dark earth, low mounds receding behind",village,13,2,settle,kb,
8,7,s04,connective,grief,He had lowered people into the ground that he had held in one hand as infants.,"{village} close, {elder}, his open palm in hard bright daylight, the hand broad and heavily lined, nothing resting in it",village,16,2,settle,kb,
8,8,s04,hero,grief,They went into the earth white-haired and he stood over them with his hair still dark.,"{village} hero medium, a dark-haired man standing over a fresh mound with mourners old and stooped around him, brilliant midday light on all of them",village,16,4,settle,kb,
8,9,s05,connective,wonder,"He watched a village become a ruin, and then he watched the ruin become a village.","{village} wide, a collapsed sunlit settlement with new timber frames rising among the old walls, hard bright daylight, fresh cut wood pale against grey stone",village,16,2,settle,kb,
8,10,s05,connective,wonder,He watched a river leave its bed and cut a new one.,"{youngearth} extreme wide high angle, a bright braided river bending away across a sunlit plain with an old dry channel visible beside it",youngearth,12,2,push,kb,
8,11,s06,hero,awe,"He planted trees, and stood beside them when they came down.","{youngearth} low angle, an enormous fallen tree lying across bright ground with its root plate standing up, hard sunlight through the gap it left",youngearth,11,4,crane,kb,
8,12,s06,connective,grief,He learned the thing nobody wants to learn. Outliving people is not a gift.,"{youngearth} close, {elder}, his hand laid flat on the cut rings of a felled trunk in hard bright daylight, the growth rings sharp and countable",youngearth,14,2,settle,kb,
8,13,s07,connective,hush,It is a long series of doors closing very quietly behind you.,"{village} close, an empty wooden doorway standing open in bright daylight, the room beyond swept bare and lit",village,12,2,settle,kb,
8,14,s07,connective,hush,And after each one he went up the mountain and he laid another stone.,"{stonefield} close, a hand pressing one pale stone into place at the end of a long row, brilliant low light across the whole field",stonefield,14,2,pull,kling,"slow push-in, fine dust drifting in the light, subject locked, no other movement"
8,15,s08,hero,awe,The stones were the only honest thing there. They rounded nothing off.,"{stonefield} hero high angle, an immense field of pale stones covering a whole bright summit in ordered rows, hard midday sun, every shadow crisp",stonefield,12,4,settle,kling,"slow crane up, heat shimmer and fine dust drifting, subject locked, no other movement"
8,16,s08,connective,tension,Three hundred and sixty. On a summit nobody in the valley had ever climbed.,"{stonefield} extreme wide, hundreds of stones in rows curving over a bright ridge line with an empty sunlit landscape beyond",stonefield,14,2,settle,kb,
8,17,s09,connective,hush,He had stopped being able to hold the number in his head years ago.,"{stonefield} close, a section of rows in hard raking light with the stones weathered to different shades, older ones pale and pitted",stonefield,14,2,pull,kb,
8,18,s09,connective,awe,He only knew that the rows had reached the far edge and turned back on themselves.,"{stonefield} high angle, rows of stones reaching a rock edge and doubling back in a second bank, brilliant daylight, the drop bright beyond",stonefield,16,2,pull,kb,
8,19,s10,connective,grief,And nobody in the valley knew what they were. Nobody had ever asked.,"{village} wide bright morning, an ordinary settlement at work below a distant bare summit, hard clean sunlight, nobody looking up",village,13,2,settle,kb,
8,20,s10,hero,grief,"There was a mountain covered in a man's arithmetic, and it was a private thing.","{stonefield} hero extreme wide, {elder} standing at the centre of an immense field of stones, brilliant hard daylight, the world lit far below",stonefield,15,4,settle,kb,
8,21,s11,connective,tension,"Something was happening to his body, and it was not ordinary.","{stonefield} extreme close, a fine mineral crack running across the back of an ancient wrist, hard raking sunlight down inside the fissure",stonefield,11,2,push,kling,"near-locked, slow settle, subtle ambient drift only, subject locked, no other movement"
8,22,s11,connective,awe,His hands hardened first. The skin at the fingertips cracked like the bark of a tree.,"{stonefield} extreme close, fingertips split into hard plates like weathered rock, brilliant raking sunlight picking out every fissure",stonefield,16,2,push,kb,
8,23,s12,connective,awe,The colour went out of them and something like beaten earth came in.,"{stonefield} close, {elder}, his two hands held open in hard bright daylight, the skin the colour and texture of dry stone",stonefield,13,2,push,kb,
8,24,s12,hero,awe,Time was not passing through him any more. Time was collecting in him.,"{stonefield} hero close, {elder}, his face and shoulder in brilliant hard light, the skin at the temple gone to fine cracked mineral, eyes clear and human",stonefield,13,4,push,kling,"near-locked, slow settle, subtle ambient drift only, subject locked, no other movement"
8,25,s13,connective,tension,Every century he looked a little more like the ground he had been taken out of.,"{youngearth} extreme close, cracked dry earth in hard bright sunlight, the fissure pattern identical to weathered skin",youngearth,16,2,push,kb,
8,26,s13,connective,grief,People stopped treating him as a man. They started treating him as a landmark.,"{village} medium, villagers glancing sideways at {elder} crossing a bright sunlit yard, faces lit, nobody speaking to him",village,14,2,settle,kb,
8,27,s14,hero,grief,Children were told to point him out. Old men looked at him and looked away.,"{village} close, two children in bright daylight watching {elder} pass, one pointing, their faces fully lit",village,15,4,settle,kb,
8,28,s14,connective,tension,"Why is he still here, they meant. Nobody wanted it answered.","{village} medium low angle, villagers at a well with their buckets, one rope still turning on the windlass, hard sunlight, every head angled the same way",village,11,2,settle,kb,
8,29,s15,connective,tension,Genesis will give his son Lamech seven hundred and seventy-seven years.,"{highstone} close, a grown man splitting kindling with a stone axe in bright daylight, pale chips bright in the air, the ridge lit behind him",highstone,11,2,push,kb,
8,30,s15,hero,menace,"The other Lamech, in the city, had asked for seventy-sevenfold. The numbers rhyme.","{city} hero extreme wide, an immense sunlit city on a plain and a bare stone summit on the far horizon in one frame, brilliant daylight across both",city,13,4,push,kb,
8,31,s16,connective,hush,"Then came the night he nearly did not climb, and it is the only one worth telling.","{highstone} wide, a dark lower slope at dusk with the summit unlit above it, deep blue sky, one figure stopped on the path",highstone,17,2,settle,kb,
8,32,s16,connective,grief,He sat down at the bottom of the path with the wood still on his back.,"{highstone} medium, {elder} sitting on a rock at the foot of a slope with a wood bundle beside him, last gold light on his shoulders",highstone,16,2,settle,kb,
8,33,s17,connective,grief,He was lighting a fire nobody looked at. He was marking stones nobody read.,"{stonefield} wide at dusk, an immense field of stones in blue shadow with an unlit summit, the sky bright above the ridge",stonefield,14,2,settle,kb,
8,34,s17,connective,tension,He was three hundred years into a job that had never been explained to him.,"{highstone} close, {elder}, his face in low gold light with his eyes closed, the last light across his cheek",highstone,15,2,push,kb,
8,35,s18,hero,hush,Then he remembered a hand on his shoulder. Keep walking.,"{highstone} hero medium, {elder} on a dark path with a memory of a hand on his shoulder implied by the light falling there, warm glow on the wool",highstone,10,4,settle,kb,
8,36,s18,connective,awe,He got up. He climbed. He breathed on the ember and it came back.,"{highstone} hero close, a low ember blown bright red in the dark, brilliant orange light flooding {elder}, his cupped hands",highstone,14,2,settle,kb,
8,37,s19,connective,awe,A righteous man does not light the fire because the world has earned it.,"{stonefield} wide night, one small bright fire burning on a summit above a vast field of stones, deep blue sky, the flame light spreading over the rows",stonefield,14,2,pull,kb,
8,38,s19,connective,awe,"He lights it because the light is true, and that is the whole of the reason.","{highstone} extreme close, a flame standing clean and bright against a black night sky, sharp and steady",highstone,16,2,push,kb,
8,39,s20,connective,hush,From the mountain that night he could see the whole dark valley.,"{youngearth} extreme wide night, an immense dark valley under a brilliant star-thick sky, the land black and the sky blazing",youngearth,12,2,settle,kb,
8,40,s20,hero,wonder,"Except for one house, a long way down, where somebody had a lamp lit very late. <break time=""3.2s"" />","{youngearth} hero extreme wide night, a vast dark valley with one single warm lit window burning far below, brilliant stars above",youngearth,16,4,settle,kb,
9,1,s01,connective,hush,Methuselah was three hundred and sixty-nine years old when his son's wife conceived.,"{village} wide, a small sunlit settlement below a bare summit at morning, hard clean daylight, one thread of smoke standing straight above a roof",village,13,2,settle,kb,
9,2,s01,connective,tension,"The news should have been simple joy, and for about an afternoon it was.","{village} medium, a woman pressing a man's palm flat against her belly in a bright yard, brilliant morning light on both, the houses lit behind",village,14,2,push,kb,
9,3,s02,connective,tension,Then Lamech did the arithmetic that every father in that century did.,"{hut} close, a man's hands stilled over a half-mended net in hard daylight from a doorway, the mesh bright, the room bare around him",hut,12,2,push,kb,
9,4,s02,hero,grief,Every birth was one more life tied to a future he could see the shape of.,"{village} hero wide, a man standing at the edge of a bright field looking out toward a distant city on the plain, hard clean daylight over all of it",village,16,4,settle,kb,
9,5,s03,connective,hush,The Dead Sea scrolls preserve a book that gives his wife a name. Bitenosh.,"{hut} medium, a woman in a bright doorway with her hand resting on the frame, warm morning light across her face, the room dark behind",hut,14,2,settle,kb,
9,6,s03,connective,hush,Genesis never names her. A scroll in a jar in a cave kept her for us.,"{cave} close, a sealed clay jar standing upright on a rock ledge in hard shafted daylight, dust settled thick on the shoulder of it",cave,16,2,settle,kb,
9,7,s04,connective,tension,"The night the child came, the sky over the valley was heavy and the wind was warm.","{village} wide night, low houses under a heavy dark sky with one window lit warm, brilliant lamplight spilling out onto the packed earth",village,17,2,settle,kb,
9,8,s04,connective,tension,Inside the house there was one lamp burning and three women working.,"{hut} close, a stack of folded clean cloth and a bowl of steaming water set ready beside a lamp, warm light on the linen, movement blurred beyond",hut,12,2,push,kb,
9,9,s05,hero,awe,"And then the room got brighter, and nobody had touched the lamp.","{hut} hero interior wide, a low room flooded with clean white light from below the frame edge, the lamp small and yellow and overwhelmed, every face lit",hut,12,4,push,kb,
9,10,s05,connective,awe,"The Book of Enoch describes what they saw, and it does not hedge about it.","{luminouschild} close, a newborn's face and shoulder giving off a soft clean white radiance, the skin bright and warm and healthy, dark cloth around him",luminouschild,15,2,settle,kb,
9,11,s05,connective,wonder,"His body was white as snow, the text says, and red as the flower of a rose.","{luminouschild} extreme close, a small bright hand open against dark wool, the skin luminous and rosy, warm light coming off the fingers",luminouschild,17,2,settle,kb,
9,12,s06,hero,awe,"His hair was white as wool. When he opened his eyes, the house lit up.","{luminouschild} hero medium, a newborn with white hair opening his eyes and the whole low room blazing bright around him, warm light on every surface",luminouschild,15,4,pull,kb,
9,13,s06,connective,awe,That is the account. A newborn opened his eyes and the room stopped needing a lamp.,"{hut} wide, a room brilliantly lit from a single point low in the frame, the oil lamp visibly dimmer than the source, shadows thrown outward and upward",hut,16,2,crane,kb,
9,14,s07,connective,tension,The midwife stepped back from the mat and did not say anything at all.,"{hut} medium, an older woman's hands lowering a wet cloth into a clay bowl, bright light full on her face above, the water shivering",hut,14,2,push,kb,
9,15,s07,connective,wonder,"The mother, awake for two days, was the only one not afraid.","{hut} close, a woman lying back on a mat with her face turned toward the light and her eyes calm, warm bright glow across her",hut,12,2,push,kb,
9,16,s08,hero,tension,And Lamech felt the fear arrive well before the joy did.,"{hut} hero close, a man standing over a bright bundle with his face fully lit from below, eyes wide, the room blazing around him",hut,11,4,push,kb,
9,17,s08,connective,tension,"He picked the boy up with both hands and he was shaking, and he knew why.","{hut} close, two trembling hands holding a brilliantly lit swaddled child, warm light flooding up across the wrists and forearms",hut,16,2,push,kb,
9,18,s09,connective,menace,Because he had grown up on a mountain hearing exactly what came down at Hermon.,"{hermon} extreme wide, a colossal snow summit under brilliant hard daylight, remote and empty, a bright landscape falling away below",hermon,15,2,settle,kb,
9,19,s09,connective,menace,"He knew what the Watchers had taken, and he knew what the taking produced.","{nephilim} extreme wide, one enormous distant figure walking a bright horizon line, hard clean daylight, an empty sunlit plain in front of it",nephilim,14,2,settle,kb,
9,20,s10,hero,tension,"Whose child is this, he said. And he said it to his wife, in front of everybody.","{hut} hero medium two-shot, a man turned toward a woman on a mat in a brilliantly lit room, both faces fully visible, the light coming from between them",hut,17,4,push,kb,
9,21,s10,connective,tension,"Look at his eyes, he said. Look at the light. He does not look human to me.","{luminouschild} close low angle, a newborn's open eyes catching and throwing light, clear and calm and bright, warm radiance filling the frame",luminouschild,17,2,push,kb,
9,22,s11,connective,grief,It is the worst sentence a man can say in a room he has just become a father in.,"{hut} wide, a brilliantly lit room with three figures standing apart from one another, every face clear, nobody moving",hut,19,2,settle,kb,
9,23,s11,connective,tension,And the scroll from the cave records what she said back to him.,"{hut} close, a woman propped on one elbow with her face fully lit and hard, looking directly across the frame",hut,13,2,push,kb,
9,24,s12,hero,grief,"She reminded him of their own bed, and their own life, and she swore on it.","{hut} hero close two-shot, a woman speaking and a man listening in brilliant white light, both faces sharp, the space between them lit and empty",hut,16,4,settle,kb,
9,25,s12,connective,grief,That the child was his. That she had been nowhere. That he should be ashamed.,"{hut} medium, a man turning a plain wooden cup over and over in his hands in a brightly lit room, light on his hair, his face lowered",hut,15,2,settle,kb,
9,26,s13,connective,hush,"And the account does not tell us whether that settled it, because it did not.","{hut} close, an oil lamp burning steadily on a shelf with the room around it brighter than the flame, warm light on the clay",hut,15,2,push,kb,
9,27,s13,connective,tension,A man can believe his wife completely and still not sleep for a week.,"{village} wide night, one lit window in a dark settlement under a brilliant star-thick sky, warm light spilling out onto bare ground",village,14,2,settle,kb,
9,28,s14,hero,tension,So before it was light he wrapped the boy up and started up the mountain.,"{highstone} hero wide, a man climbing a steep bare slope before dawn carrying a bundle that is visibly glowing, cold blue rock, warm light against his chest",highstone,15,4,crane,kb,
9,29,s14,connective,awe,The child lit the path in front of his father the whole way up.,"{highstone} medium from behind, a climbing figure on a dark path with a pool of clean white light thrown ahead of him onto the rock",highstone,14,2,settle,kb,
9,30,s15,connective,awe,"Which is a strange thing to write down, and stranger to have carried.","{stonefield} wide before dawn, hundreds of pale stones in rows with a moving point of white light crossing between them, deep blue sky above",stonefield,13,2,pull,kb,
9,31,s15,connective,hush,Methuselah was already up. He had been up. He was always up by then.,"{stonefield} medium, {elder} feeding kindling into a low fire at first light, warm flame light across his hands, rows of pale stones around him",stonefield,14,2,pull,kb,
9,32,s16,hero,awe,His son put a shining child into his arms and asked him what it was.,"{stonefield} hero close two-shot, {elder} taking a brilliantly glowing swaddled child from a younger man, white light flooding both faces from below",stonefield,15,4,push,kb,
9,33,s16,connective,wonder,"Father, this boy is not ordinary. His skin shines. His eyes light the house.","{luminouschild} close, a newborn's face held up in the open air at dawn, radiant and calm, cold blue morning around him and warm light coming off him",luminouschild,14,2,push,kb,
9,34,s17,connective,tension,"He looks like the ones in the stories, Lamech said. Tell me he is not one of theirs.","{highstone} medium, a younger man standing before an ancient seated man in cold dawn light, hands open, his face lit by the child below frame",highstone,18,2,push,kb,
9,35,s17,connective,hush,"And Methuselah looked at the child, and the child looked back at him.","{luminouschild} extreme close, a newborn's clear open eyes looking directly out, warm radiance around the iris, everything else soft and bright",luminouschild,13,2,push,kb,
9,36,s18,hero,wonder,"There was no fear in that face. Whatever it was, it was not afraid of him.","{stonefield} hero close, {elder}, his face lit entirely from below by white light, the cracked mineral skin blazing, the eyes wide and human and calm",stonefield,16,4,push,kb,
9,37,s18,connective,grief,"And the oldest man alive, asked everything by everybody, had nothing.","{stonefield} wide, {elder} seated among hundreds of stones holding a small point of brilliant light, the summit lit blue-grey by dawn",stonefield,11,2,settle,kb,
9,38,s19,connective,grief,He had buried the first man. He had watched the second one taken. He did not know.,"{stonefield} extreme close, {elder}, his two hands cupped around a glowing bundle, the mineral skin lit sharp by the light it holds",stonefield,17,2,settle,kb,
9,39,s19,connective,tension,There was exactly one person who could answer a question like that one.,"{highstone} close, one old sandal print pressed in pale dust beside a cold fire ring, hard dawn light raking across the tread",highstone,13,2,push,kb,
9,40,s20,hero,awe,"And he had walked into a column of light in front of Methuselah, sixty-nine years before. <break time=""3.8s"" />","{lightcolumn} hero wide, a colossal shaft of brilliant white-gold light standing on a bare summit against a clear sky, remembered and distant, the rock blazing beneath",lightcolumn,16,4,crane,kb,
10,1,s01,connective,hush,He waited until his son had gone back down and the child had gone with him.,"{stonefield} wide at morning, {elder} sweeping loose grit off a pale stone with the edge of his hand, hard clean daylight, two small figures descending a bright path below",stonefield,16,2,push,kb,
10,2,s01,connective,tension,Then Methuselah did a thing he had not done in sixty-nine years.,"{stonefield} close, {elder}, his hand resting flat on the oldest and most weathered stone in the front row, hard raking light across the pitted surface",stonefield,12,2,pull,kling,"slow push-in, fine dust drifting in the light, subject locked, no other movement"
10,3,s02,connective,hush,He built the fire up until it was bigger than it had any need to be.,"{highstone} medium, {elder} laying heavy wood onto a fire until the flames stand tall, brilliant orange light across his face and hands",highstone,16,2,push,kb,
10,4,s02,hero,grief,And then he knelt down in front of it and he called his father by name.,"{highstone} hero wide, {elder} kneeling before a tall bright fire on a bare summit at dusk, deep blue sky, flame light flooding the rock around him",highstone,16,4,settle,kb,
10,5,s03,connective,grief,Not a thing a man of that age does lightly.,"{highstone} close, {elder}, his face lit hard by firelight, eyes closed, the cracked mineral skin at the temple bright and sharp",highstone,10,2,settle,kb,
10,6,s03,connective,hush,Father. If you can still hear anything from where you are. I need you once.,"{highstone} extreme close, a mouth mid-word in firelight, the beard lit bright, everything beyond the flame black",highstone,15,2,push,kb,
10,7,s04,connective,tension,"And the wind on that summit, which never stopped, stopped.","{stonefield} wide, hundreds of stones under a still night sky with a fire standing perfectly vertical, brilliant flame light, the air entirely motionless",stonefield,10,2,settle,kb,
10,8,s04,hero,awe,"Then the fire began to grow, and nobody had put anything on it.","{highstone} hero medium, a fire rising taller and whiter on bare rock with the woodpile lying still beside it, brilliant light flooding outward, deep black night beyond",highstone,13,4,settle,kb,
10,9,s05,connective,awe,"It went from orange to white, and then it stopped looking like fire at all.","{lightcolumn} close, the base of a shaft of brilliant white-gold light standing on bare rock, hard clean edges, the stone blazing where it lands",lightcolumn,15,2,crane,kb,
10,10,s05,hero,awe,"A column stood up off the high stone and went into the sky, and it stayed.","{lightcolumn} hero wide, a colossal vertical shaft of brilliant white-gold light rising from a summit into a clear night sky, solid and defined and still",lightcolumn,16,4,settle,kb,
10,11,s06,connective,awe,"And there was a man inside it, and Methuselah knew the shape of him.","{lightcolumn} hero medium, an upright human figure standing inside a column of brilliant light, fully lit, calm and unhurried, the edges of the column hard and clear",lightcolumn,14,2,crane,kb,
10,12,s06,connective,wonder,"Not flesh, exactly. Present, though. Standing the way he had always stood.","{lightcolumn} close, a man's face and shoulder in brilliant white light, serene and clear-eyed, the light behind him solid rather than hazy",lightcolumn,12,2,push,kb,
10,13,s07,connective,grief,"I heard you, my son, he said. And it was the voice. It was completely the voice.","{stonefield} close, {elder}, his face turned up into brilliant white light from above, every crack in the mineral skin lit, his mouth open",stonefield,17,2,settle,kb,
10,14,s07,hero,grief,An old man who was older than his own father put his forehead on the rock.,"{stonefield} hero wide, {elder} bowed forward onto bare stone inside a pool of brilliant white light, hundreds of pale stones lit around him",stonefield,16,4,settle,kb,
10,15,s08,connective,tension,"A child has been born, father. To your grandson. And there is light coming out of him.","{luminouschild} close, a newborn radiating soft clean white light in a dark room far below, warm and bright and calm",luminouschild,17,2,settle,kb,
10,16,s08,connective,tension,Lamech is frightened. He thinks the boy belongs to the ones who came down.,"{highstone} medium, a younger man's cloak thrown over a bench and his sandals kicked off beside it in a lamplit room, warm light across the leather",highstone,14,2,push,kb,
10,17,s09,connective,hush,Tell me what he is. I have never once asked you for anything.,"{stonefield} close low angle, {elder} kneeling with his hands open and empty, brilliant white light pouring down across the palms",stonefield,13,2,settle,kb,
10,18,s09,hero,awe,"And the Book of Enoch records the answer, and it is the turn of the whole story.","{lightcolumn} hero medium, a figure of light with one hand raised, brilliant and solid, the summit and the stone rows blazing white beneath him",lightcolumn,17,4,pull,kb,
10,19,s10,connective,awe,This child is righteous before me. He was not born of those who fell.,"{luminouschild} hero close, a newborn's clear open eyes in warm radiance, entirely calm, the light coming off him steady and gentle",luminouschild,14,2,push,kb,
10,20,s10,connective,awe,He was born to undo what they have done. That is the sentence.,"{stonefield} wide, an immense field of pale stones lit brilliant white from a single overhead source, every shadow thrown outward, the sky black above",stonefield,13,2,settle,kb,
10,21,s11,connective,tension,"The earth is corrupted, the text says. I will wash it with water.","{youngearth} extreme wide, an immense sunlit landscape of river and plain and forest seen from very high, brilliant clear light, entirely whole",youngearth,13,2,push,kb,
10,22,s11,hero,awe,Through this one the earth will begin again.,"{youngearth} hero extreme wide, a bright new dawn over an immense empty green world, a single flight of birds crossing the gold light, unmarked ground to the horizon",youngearth,8,4,settle,kb,
10,23,s12,connective,wonder,"Keep him, Enoch said. Guard him. Guard the fire. He is why you are still here.","{lightcolumn} medium two-shot, a standing figure of light and a kneeling ancient man on a bare summit, brilliant illumination between them, the rock lit white",lightcolumn,16,2,push,kb,
10,24,s12,connective,grief,"Stay, Methuselah said. It is the only selfish thing he says in this entire story.","{stonefield} close, {elder}, his hand reaching up into brilliant light with the fingers spread, the mineral skin lit hard from above",stonefield,15,2,settle,kb,
10,25,s13,hero,grief,"I do not belong here any more, his father said. You still do. Go on.","{lightcolumn} hero medium, a figure of light turned slightly away with one hand lowered, the column beginning to narrow, brilliant and clean-edged",lightcolumn,15,4,settle,kb,
10,26,s13,connective,grief,"And the column went up, and it went bright, and then the mountain was dark.","{highstone} wide, a bare summit in sudden darkness with only a low ember glowing on the rock, brilliant stars above, the stone rows faintly pale",highstone,15,2,settle,kb,
10,27,s14,connective,hush,The fire on the high stone was exactly the size it had been before.,"{highstone} close, a low ordinary fire burning small on bare rock, warm orange light in a tight pool, deep night around it",highstone,14,2,push,kb,
10,28,s14,connective,hush,The wind came back. The night went on. Nothing at all had changed up there.,"{stonefield} wide night, hundreds of pale stones under a brilliant star-thick sky with one small fire at the centre, deep blue dark",stonefield,15,2,settle,kb,
10,29,s15,hero,awe,But an old man came down that mountain in the morning knowing what he was for.,"{stonefield} hero wide from behind, {elder} descending a bright path at sunrise with the stone field behind him, gold light along the whole ridge",stonefield,16,4,pull,kb,
10,30,s15,connective,wonder,He gave the child back. He is not one of theirs.,"{hut} medium two-shot, {elder} passing a glowing bundle back to a younger man in bright morning light from a doorway, both faces lit",hut,11,2,push,kb,
10,31,s16,connective,awe,"He is of God. And Lamech, who had not slept, sat down on the floor.","{hut} close, a man sitting on a packed earth floor with his back against a wall, bright daylight from the door across him, his hands over his face",hut,15,2,push,kb,
10,32,s16,hero,wonder,"And Genesis gives us the name he chose, and the reason he gave for it.","{hut} hero close, a man holding a radiant newborn up in front of him in bright daylight, both faces clearly lit, warm light between them",hut,15,4,push,kb,
10,33,s17,connective,wonder,Noah. Because this one will bring us rest from the labour of our hands.,"{luminouschild} close, a newborn's face in warm daylight, calm and bright, the radiance quieter now and softer",luminouschild,14,2,push,kb,
10,34,s17,connective,hush,Rest. In a world of forges and boasts and something walking the horizon.,"{city} extreme wide, an immense sunlit city on a plain with black smoke standing above it, hard bright daylight, orderly and vast",city,13,2,pull,kb,
10,35,s18,connective,tension,Some people in the valley laughed at the name. Comfort. In this? From that?,"{village} medium, a woman grinding grain on a stone quern in a bright sunlit yard, flour pale on her forearms, others working behind her",village,14,2,push,kb,
10,36,s18,connective,hush,"Others, who were tired, said nothing at all and privately hoped it was true.","{village} close, an older woman's hands pausing on a loom in a bright doorway, the warp threads lit sharp, her face soft above them",village,14,2,push,kb,
10,37,s19,connective,wonder,The boy grew up. The light in him settled down to something you had to look for.,"{youngearth} wide, a young man walking a bright field path at midday, hard clean sunlight, an ordinary landscape open around him",youngearth,17,2,push,kb,
10,38,s19,connective,wonder,He was not perfect. He was something rarer than that. He had a limit.,"{youngearth} medium, a young man stopped at the edge of a bright field with his hand on a fence post, sunlight full on him, the land lit beyond",youngearth,14,2,push,kb,
10,39,s20,connective,tension,"And one quiet morning, out in a field, with dust blowing over the furrows,","{youngearth} wide, a bright open field with fine dust drifting across the furrows and a hoe left standing upright in the soil, hard clean daylight",youngearth,14,2,push,kb,
10,40,s20,hero,awe,"something stopped him where he stood, and it was not the wind. <break time=""2.9s"" />","{youngearth} hero medium, a young man standing rigid in a bright field with his head lifted, brilliant daylight full on his face, dust suspended around him",youngearth,12,4,push,kb,
11,1,s01,connective,hush,Four hundred and eighty years went by.,"{stonefield} extreme wide high angle, an immense field of pale stones in dense ordered rows covering an entire bright summit, hard clean daylight, shadows sharp",stonefield,7,2,pull,kb,
11,2,s01,connective,awe,The stones on the summit had reached eight hundred and forty-nine.,"{stonefield} close, rows of weathered stones at different ages, the oldest pitted grey and the newest clean pale, hard raking sunlight across all of them",stonefield,11,2,pull,kb,
11,3,s02,connective,grief,"Methuselah had buried his own grandchildren by then, and their grandchildren after.","{village} wide, a sunlit slope of low grassed-over mounds with sheep grazing between them, bright clean daylight, {elder} small at the top",village,12,2,settle,kb,
11,4,s02,hero,hush,"He no longer told anybody how old he was, because they stopped believing him.","{stonefield} hero close, {elder}, his face in brilliant hard daylight, the mineral skin spread across brow and temple, the eyes clear and human and steady",stonefield,14,4,push,kb,
11,5,s03,connective,wonder,"His grandson was four hundred and eighty, and still young for that world.","{youngearth} medium, a broad-shouldered man shouldering a heavy timber beam across a bright field, hard clean sunlight, ordinary country beyond",youngearth,13,2,push,kb,
11,6,s03,connective,tension,"That morning, Noah found out what he was for.","{youngearth} medium, a dropped sickle and a spilled bundle of cut barley on bright ground, hard daylight, the standing crop tall and lit beyond",youngearth,9,2,push,kb,
11,7,s04,connective,menace,"Genesis records it without any preamble at all. I have seen the earth, it says.","{youngearth} extreme close, a hard bright sky reflected whole in a shallow pool of standing water, the reflection sharp and unbroken",youngearth,15,2,push,kb,
11,8,s04,connective,menace,It is filled with violence. All flesh has corrupted its way upon it.,"{city} wide, a colossal sunlit city with armed men in the streets, hard bright daylight, the walls high and the gates open",city,13,2,push,kb,
11,9,s05,hero,tension,I will make an end of everything that breathes. But not you.,"{youngearth} hero medium low angle, a man on his knees in a bright field with his head bowed, brilliant daylight flooding down across his back and shoulders",youngearth,12,4,push,kb,
11,10,s05,connective,wonder,Then the instruction. The strangest paragraph in the book.,"{ark} close, a hand pressing flat against fresh-cut pale timber in hard bright sunlight, the grain lit sharp",ark,9,2,push,kb,
11,11,s06,connective,wonder,"Make an ark of gopher wood, pitched within and without.","{ark} medium, cut timber beams stacked in a bright yard with a pot of black pitch beside them, hard clean daylight, tools laid out",ark,10,2,push,kb,
11,12,s06,connective,awe,Three hundred cubits long. Fifty broad. Thirty high. One door in the side.,"{ark} wide, ground marked out with pegs and cord across a vast bright clearing, hard sunlight, the outline enormous and empty",ark,13,2,settle,kb,
11,13,s07,hero,awe,One window. Three floors. And a hundred and twenty years.,"{ark} hero extreme wide, an immense empty staked outline on bright ground with one small figure standing at the near end for scale, brilliant daylight",ark,10,4,settle,kb,
11,14,s07,connective,tension,The field was a field again. Noah was not.,"{youngearth} wide, a bright ordinary field with tools lying where they were dropped, hard clean daylight, entirely still",youngearth,9,2,settle,kb,
11,15,s08,connective,hush,That night he walked up to the mountain and told the oldest man alive.,"{stonefield} medium two-shot, a strong man crouching down to an ancient seated figure among rows of stones, warm evening light on both faces",stonefield,14,2,pull,kb,
11,16,s08,connective,awe,"An ark, Methuselah said. And something in him went very quiet.","{stonefield} close, {elder}, his face in low gold light with the eyes closed, the cracked skin lit warm along one side",stonefield,11,2,push,kb,
11,17,s09,hero,awe,"Because he had seen his father's writing about water, centuries earlier.","{cave} hero medium, stacks of bound marked hides on a rock ledge in a hard shaft of daylight, the top sheet lit bright, dust settled thick",cave,11,4,settle,kb,
11,18,s09,connective,tension,"Build it, he said. Adam told me about a promise. Your father called you rest.","{stonefield} medium two-shot, {elder} with his hand on a younger man's forearm, brilliant low light across both, rows of stones bright behind",stonefield,15,2,pull,kb,
11,19,s10,connective,hush,"I have been alive an unreasonable time, and wondered why.","{stonefield} wide, {elder} seated at the centre of an enormous field of stones at dusk, deep blue sky, the last gold light along the ridge",stonefield,10,2,push,kling,"slow push-in, water and suspended particles drifting, subject locked, no other movement"
11,20,s10,connective,awe,I think I have been waiting for a morning where somebody says the word ark.,"{highstone} close, a low fire burning steady on bare rock at night, brilliant flame light in a tight pool, deep dark beyond",highstone,15,2,settle,kb,
11,21,s11,hero,wonder,"The next morning Noah started, and he started with obedience rather than ceremony.","{ark} hero wide, a man alone raising the first heavy timber upright in a vast bright clearing, hard morning sunlight, the beam enormous against the sky",ark,13,4,settle,kb,
11,22,s11,connective,wonder,He chose the wood. He marked the ground. He set the first beams. Then more.,"{ark} medium, the first rib frames standing in a bright clearing, hard clean daylight, sawn ends pale and bright",ark,15,2,push,kb,
11,23,s12,connective,tension,The neighbours came to look. At first it was friendly.,"{ark} wide, villagers at the edge of a bright clearing with children running in under the timber frame, hard sunlight, a dog nosing the wood shavings",ark,10,2,push,kb,
11,24,s12,connective,menace,"What is it, they asked him. And he told them the truth, which was the mistake.","{ark} medium, a man on a scaffold turning to answer people below in brilliant daylight, his face fully lit, the frame rising behind him",ark,16,2,crane,kb,
11,25,s13,hero,menace,"A refuge, he said. From what? From the judgment. And that is when they started laughing.","{ark} hero low angle, a huge timber ribcage standing against a brilliant blue sky with a crowd of small bright figures laughing at its foot",ark,16,4,push,kb,
11,26,s13,connective,menace,It became the entertainment of the region. People walked out on purpose to see it.,"{ark} wide high angle, families walking out along a bright road toward a distant timber hull, hard clean sunlight, the mood casual",ark,15,2,push,kb,
11,27,s14,connective,menace,"He wants to be king of a boat, they said. Lord of the timber.","{ark} medium, men standing in bright sunlight pointing up at a hull and grinning, hard light on their faces, the wood glowing warm",ark,14,2,push,kb,
11,28,s14,connective,menace,They said it was a trick for free labour. They said he heard voices.,"{city} medium, two men talking and laughing in a bright sunlit street, hard clean daylight, one making a shape with his hands",city,14,2,push,kb,
11,29,s15,hero,tension,Then the laughing stopped being enough. It always does.,"{ark} hero wide at dawn, a huge timber hull with a whole stack of beams pulled down and scattered across the bright ground beneath it",ark,9,4,push,kb,
11,30,s15,connective,menace,They took tools in the night. They cut ropes. They pushed the stacks over.,"{ark} close, cut rope ends lying on bright bare earth in hard morning sunlight, the frayed fibres lit sharp",ark,14,2,push,kb,
11,31,s16,connective,tension,He picked it all up and started again. Every single time. That was the answer.,"{ark} medium, a man alone restacking heavy timber in bright morning light, hard sunlight across his back, the hull rising behind him",ark,15,2,settle,kb,
11,32,s16,connective,menace,And one afternoon a man came out from the city with bronze on his hip.,"{ark} medium low angle, a well-dressed man standing in a bright clearing with a bronze blade at his belt, hard sunlight on the metal",ark,15,2,push,kb,
11,33,s17,hero,menace,He had been sold that blade by the family that set the boast to music.,"{forge} close, a maker's mark punched deep into the tang of a finished blade, hard bright light caught in the stamped letters, the shed glowing behind",forge,15,4,push,kb,
11,34,s17,connective,tension,He told Noah what would happen if the word judgment was said in the market again.,"{ark} close two-shot, a man with a blade speaking into another man's face in hard bright daylight, both faces fully lit, the timber bright behind",ark,16,2,push,kb,
11,35,s18,connective,awe,Noah listened. Then he went back to work.,"{ark} close, two hands gripping an adze handle in brilliant sunlight, the blade biting pale wood, chips bright in the light",ark,8,2,push,kb,
11,36,s18,hero,grief,"Near the end, Methuselah came down the mountain carrying something heavy.","{ark} hero wide, {elder} walking slowly toward a vast finished hull in low gold evening light, the ark immense above him",ark,11,4,settle,kb,
11,37,s19,connective,hush,"A bundle of hides, worn soft, tied with retied cord.","{ark} close, {elder}, his hand holding out a thick bundle of bound hides in warm low light, the leather worn pale at the edges",ark,10,2,push,kb,
11,38,s19,connective,awe,Take these inside with you. Your great-grandfather wrote them for somebody unborn.,"{ark} medium two-shot, {elder} handing a bundle to a strong man in brilliant evening light, the hull dark and vast behind them",ark,12,2,settle,kb,
11,39,s20,connective,awe,That somebody is you. Let the world after the water know.,"{ark} close, a bound bundle of hides set down on a fresh timber deck in warm low light, the grain lit bright around it",ark,11,2,push,kb,
11,40,s20,hero,tension,"The ark was finished in the spring. Then the animals came. <break time=""1.8s"" />","{ark} hero extreme wide, a colossal finished timber hull standing complete in a bright clearing at dawn, gold light along its whole length, tiny figures at the base",ark,11,4,push,kb,
12,1,s01,connective,wonder,"They came along the roads first, in pairs, and nobody could explain it.","{youngearth} extreme wide, a long bright dirt road crossing sunlit country with animals moving along it in pairs, hard clean daylight, empty of herdsmen",youngearth,13,2,settle,kb,
12,2,s01,connective,wonder,Not driven. Not herded. Walking the way people walk when they know the address.,"{youngearth} medium low angle, two large animals walking steadily along a bright road, hard sunlight on their flanks, the way ahead lit and open",youngearth,14,2,push,kb,
12,3,s02,hero,awe,They crossed fields. They passed men who stood still and did not understand.,"{youngearth} hero wide, a bright green field with a long line of paired animals crossing it and farmers standing motionless watching, brilliant daylight",youngearth,13,4,push,kb,
12,4,s02,connective,awe,"Small and quick, large and slow, and all of them going one way.","{ark} wide, a broad bright approach to an enormous timber hull with paired animals moving toward the open door, hard clean sunlight",ark,13,2,push,kb,
12,5,s03,connective,tension,"The crowds came out again, and this time nobody was laughing at anything.","{ark} medium, a crowd standing well back in bright daylight watching the ark, every face lit and still, hands lowered",ark,13,2,settle,kb,
12,6,s03,hero,awe,Methuselah watched a herd cross a dust road without turning aside once.,"{youngearth} hero medium, {elder} standing at the edge of a bright track as animals pass in front of him, dust bright in the air, his face fully lit",youngearth,12,4,push,kb,
12,7,s04,connective,awe,And he felt something he had not felt in about six hundred years.,"{stonefield} close, {elder}, his face in brilliant daylight looking outward, the eyes wide and clear, the mineral skin lit hard",stonefield,13,2,push,kb,
12,8,s04,connective,awe,Not fear of dying. He had stopped finding that interesting.,"{stonefield} wide, an enormous field of pale stones under hard bright daylight, ordered and complete, the summit swept clean",stonefield,10,2,push,kb,
12,9,s05,connective,awe,The other thing. The one you get when the unseen touches the ground in front of you.,"{ark} wide low angle, paired animals filing up a broad timber ramp into a vast dark doorway, brilliant sunlight on the hull, the opening black",ark,17,2,settle,kb,
12,10,s05,connective,hush,"Then Noah gathered his household, and it was not a ceremony at all.","{ark} medium, eight people at the foot of an enormous hull with bundles and a crate of fowl between them, bright daylight, all faces clearly lit",ark,13,2,push,kb,
12,11,s06,connective,grief,"Come in, he said. That was the whole of it. He only beckoned them.","{ark} close, a man's hand raised and beckoning in hard bright sunlight, the timber doorway bright behind him",ark,14,2,settle,kb,
12,12,s06,hero,grief,His wife looked back once at a road she knew.,"{ark} hero medium, a woman stopped at the foot of a ramp looking back over her shoulder in brilliant daylight, her face fully lit, the bright country beyond her",ark,10,4,settle,kb,
12,13,s07,connective,grief,"To go in meant leaving the neighbours, the paths, the mounds on the hill, all of it.","{village} wide, a small sunlit settlement standing quiet and ordinary, hard clean daylight, doors open and nobody in the yards",village,17,2,settle,kb,
12,14,s07,connective,tension,His sons went up in silence. No triumph on any face.,"{ark} medium, three men walking up a bright timber ramp with their heads down, hard sunlight across the planking",ark,11,2,push,kb,
12,15,s08,connective,hush,It is a strange thing to walk through a door knowing it does not open again.,"{ark} close, a colossal timber doorway standing open in brilliant sunlight, the interior dark, the threshold worn bright",ark,16,2,settle,kb,
12,16,s08,hero,grief,And Methuselah did not go in.,"{ark} hero wide, {elder} standing alone before an enormous open doorway in hard bright daylight, small against the hull, entirely still",ark,6,4,settle,kb,
12,17,s09,connective,grief,Nine hundred and sixty-nine years had brought him to that threshold and stopped.,"{ark} close, {elder}, his feet planted on bright bare ground at the very foot of a timber ramp, hard sunlight, the ramp rising away",ark,13,2,settle,kb,
12,18,s09,connective,awe,Because his part was never the surviving. His part was the waiting.,"{stonefield} extreme wide, an immense field of stones on a bright summit seen from far off, hard clean daylight, complete and finished",stonefield,12,2,push,kb,
12,19,s10,hero,grief,He was the time that was given. And time given does not go through the door.,"{ark} hero medium two-shot, {elder} at the foot of a ramp and a strong man at the top of it, both fully lit in brilliant daylight, the gap between them",ark,16,4,settle,kb,
12,20,s10,connective,grief,It gets spent on the outside. That is what it is for.,"{ark} close, a strong man in a bright doorway looking down and out, his face fully lit, one hand on the frame",ark,12,2,settle,kb,
12,21,s11,connective,grief,Noah stood in the doorway and asked him with his eyes.,"{ark} close, {elder}, his face turned up toward a doorway in brilliant daylight, the mineral skin lit hard, the expression settled",ark,11,2,settle,kb,
12,22,s11,hero,hush,"The old man shook his head, and he smiled, and he sent his grandson in.","{ark} hero medium, {elder} smiling and raising one hand in a small gesture of dismissal, hard bright sunlight full on his face",ark,15,4,push,kb,
12,23,s12,connective,hush,Go on. I have done my part. I held it open long enough.,"{ark} wide from behind, {elder} watching a man walk up into a vast dark doorway, brilliant daylight on the hull around it",ark,13,2,settle,kb,
12,24,s12,connective,awe,Then he turned around and he climbed his mountain for the last time.,"{highstone} wide, {elder} climbing a bright bare slope at evening, low gold light along the rock, the summit above him",highstone,13,2,crane,kb,
12,25,s13,connective,awe,From up there the ark looked like a shadow put down on the plain.,"{youngearth} hero extreme wide, an immense sunlit landscape at dusk with a vast timber hull standing on it and a bright dark sky gathering above",youngearth,14,2,settle,kb,
12,26,s13,connective,tension,He could see the city. He could see the people still moving about in it.,"{city} extreme wide high angle, a colossal city at evening with lit windows and moving crowds, gold light on the rooftops, deep blue sky above",city,15,2,push,kb,
12,27,s14,connective,awe,And the sky had gone the colour of a ceiling about to give.,"{youngearth} low angle, an immense heavy cloud layer over a bright horizon at dusk with swifts flying low and fast beneath it, gold light burning along the rim",youngearth,13,2,push,kb,
12,28,s14,connective,hush,"The fire on the high stone was low, and it was still burning, and it was faithful.","{highstone} hero close, a low ember bed glowing bright orange on bare rock at nightfall, deep blue dark around it",highstone,17,2,settle,kb,
12,29,s15,connective,hush,He knelt down beside it and he laid the nine hundred and sixty-ninth stone.,"{stonefield} hero close, {elder}, his hand pressing one pale flat stone into the last empty place at the end of a vast field of stones, warm firelight across it",stonefield,14,2,settle,kb,
12,30,s15,connective,grief,There was no space left after it. He had reached the end of the summit.,"{stonefield} extreme wide high angle, an enormous complete field of stones covering an entire summit to its far rock edge, one small fire at the centre, deep dusk",stonefield,15,2,settle,kb,
12,31,s16,connective,awe,He remembered a man walking into a column of light and not being afraid.,"{lightcolumn} wide, a remembered shaft of brilliant white-gold light standing on a summit against a dark sky, distant and clean-edged",lightcolumn,14,2,settle,kb,
12,32,s16,connective,awe,He remembered a first man on a warm stone saying there is a promise.,"{firsthome} wide, an ancient stone dwelling on bright open ground at evening with an empty sitting-stone beside the door, low gold light",firsthome,14,2,settle,kb,
12,33,s17,hero,grief,And he lay down beside the fire and he turned his face toward the light.,"{stonefield} hero medium, {elder} lying on bare rock beside a low fire with his face turned toward it, warm firelight across the mineral skin, stones around him",stonefield,15,4,settle,kb,
12,34,s17,connective,grief,"He was nine hundred and sixty-nine years old, and he had held a door open.","{stonefield} close, {elder}, his hand resting open on bare summit rock, warm firelight across the palm, the fingers still",stonefield,15,2,settle,kb,
12,35,s18,hero,awe,"And then one drop fell out of the sealed sky, and it fell on the fire.","{highstone} hero extreme close, a single heavy water drop striking a bed of bright orange embers, a burst of white steam, brilliant light in the impact",highstone,16,4,push,kb,
12,36,s18,connective,awe,The ember went out. A thread of smoke went up and the wind took it.,"{highstone} close, a thin thread of pale smoke rising from a dark dead ember bed, cold blue light, the rock wet and dark",highstone,15,2,settle,kb,
12,37,s19,connective,awe,"When he departs, it shall be sent. The name did what it said.","{stonefield} extreme wide, a vast field of pale stones under heavy dark sky with rain beginning to fall across all of them, bright water on the stone",stonefield,13,2,settle,kb,
12,38,s19,hero,awe,"Then the fountains of the great deep broke open, and the windows of heaven with them.","{flood} hero extreme wide, an immense wall of bright grey-white water rising against a dark sky over a sunlit plain, colossal and moving, the light blazing along its crest",flood,16,4,settle,kb,
12,39,s20,connective,awe,The water covered the fields. It covered the city. It covered the stones on the mountain.,"{flood} wide high angle, brilliant lit water spreading across a whole sunlit landscape and closing over a field of pale stones, foam bright on the surface",flood,16,2,push,kb,
12,40,s20,hero,awe,"And the ark, with the writing of Enoch inside it, lifted off the ground and floated. <break time=""3.3s"" />","{flood} hero wide, an enormous timber hull lifting free of a drowned bright landscape onto open water, brilliant light breaking through cloud onto the hull",flood,16,4,crane,kb,
